codigo_predial,id_segmento_calle,codigo_calle,nombre_calle,tipo_calle,geom_wkt
151600010500001,305918,V1313210025,BICENTENARIO,AVENIDA,"POLYGON ((-70.6019589049758 -33.403704180744,-70.6019106259946 -33.4039236165082,-70.6015934468226 -33.4038745250743,-70.6016417265849 -33.403655089409,-70.6019589049758 -33.403704180744))"
151600010500001,305917,V1313210025,BICENTENARIO,AVENIDA,"POLYGON ((-70.6019589049758 -33.403704180744,-70.6019106259946 -33.4039236165082,-70.6015934468226 -33.4038745250743,-70.6016417265849 -33.403655089409,-70.6019589049758 -33.403704180744))"
151600010500001,305918,V1313210025,BICENTENARIO,AVENIDA,"POLYGON ((-70.6018920002033 -33.4039768860075,-70.6016908357446 -33.4043896329855,-70.6013922811465 -33.4042872716097,-70.6015934468226 -33.4038745250743,-70.6018920002033 -33.4039768860075))"
151600010500001,305917,V1313210025,BICENTENARIO,AVENIDA,"POLYGON ((-70.6018920002033 -33.4039768860075,-70.6016908357446 -33.4043896329855,-70.6013922811465 -33.4042872716097,-70.6015934468226 -33.4038745250743,-70.6018920002033 -33.4039768860075))"
151600010500001,305918,V1313210025,BICENTENARIO,AVENIDA,"POLYGON ((-70.6016846882985 -33.4044014358531,-70.6013288503236 -33.4050425706695,-70.6010364414172 -33.4049284056485,-70.6013922811465 -33.4042872716097,-70.6016846882985 -33.4044014358531))"
151600010500001,305917,V1313210025,BICENTENARIO,AVENIDA,"POLYGON ((-70.6016846882985 -33.4044014358531,-70.6013288503236 -33.4050425706695,-70.6010364414172 -33.4049284056485,-70.6013922811465 -33.4042872716097,-70.6016846882985 -33.4044014358531))"
151600010500001,305960,V1313210033,DAG HAMMARSKJOLD,AVENIDA,"POLYGON ((-70.6008358906547 -33.4051573701164,-70.6007277080525 -33.4050976603647,-70.6009050131755 -33.4048716815239,-70.6010131956057 -33.4049313911277,-70.6008358906547 -33.4051573701164))"
151600010500001,305957,V1313210033,DAG HAMMARSKJOLD,AVENIDA,"POLYGON ((-70.6008358906547 -33.4051573701164,-70.6007277080525 -33.4050976603647,-70.6009050131755 -33.4048716815239,-70.6010131956057 -33.4049313911277,-70.6008358906547 -33.4051573701164))"
151600010500001,305960,V1313210033,DAG HAMMARSKJOLD,AVENIDA,"POLYGON ((-70.6006365141378 -33.4050215741351,-70.6005891285388 -33.4049618643859,-70.6008576274829 -33.404811971879,-70.6009050131755 -33.4048716815239,-70.6006365141378 -33.4050215741351))"
151600010500001,305960,V1313210033,DAG HAMMARSKJOLD,AVENIDA,"POLYGON ((-70.6005373214945 -33.404843741856,-70.6003281145172 -33.4033599433067,-70.6006484151797 -33.4033281740227,-70.6008576274829 -33.404811971879,-70.6005373214945 -33.404843741856))"
151600010500001,305918,V1313210025,BICENTENARIO,AVENIDA,"POLYGON ((-70.6005799214909 -33.403063078069,-70.6014766708246 -33.4028996204788,-70.6015451670603 -33.4031639694832,-70.6006484151797 -33.4033274276391,-70.6005799214909 -33.403063078069))"
151600010500001,305918,V1313210025,BICENTENARIO,AVENIDA,"POLYGON ((-70.6015076560164 -33.4028952854687,-70.6015380542937 -33.4028922999405,-70.6015755654292 -33.4031609839433,-70.6015451670603 -33.4031639694832,-70.6015076560164 -33.4028952854687))"
151600010500001,305918,V1313210025,BICENTENARIO,AVENIDA,"POLYGON ((-70.60189532141 -33.4031255700184,-70.601957013615 -33.4035174210614,-70.6016372562365 -33.4035528351852,-70.6015755654292 -33.4031609839433,-70.60189532141 -33.4031255700184))"
151600010500001,305917,V1313210025,BICENTENARIO,AVENIDA,"POLYGON ((-70.60189532141 -33.4031255700184,-70.601957013615 -33.4035174210614,-70.6016372562365 -33.4035528351852,-70.6015755654292 -33.4031609839433,-70.60189532141 -33.4031255700184))"
151600010500001,305918,V1313210025,BICENTENARIO,AVENIDA,"POLYGON ((-70.601959572733 -33.4035429220848,-70.6019640434577 -33.4036451762859,-70.6016417265849 -33.403655089409,-70.6016372562365 -33.4035528351852,-70.601959572733 -33.4035429220848))"
151600010500001,305917,V1313210025,BICENTENARIO,AVENIDA,"POLYGON ((-70.601959572733 -33.4035429220848,-70.6019640434577 -33.4036451762859,-70.6016417265849 -33.403655089409,-70.6016372562365 -33.4035528351852,-70.601959572733 -33.4035429220848))"
151600010500006,305918,V1313210025,BICENTENARIO,AVENIDA,"POLYGON ((-70.6016174084233 -33.4034276162477,-70.6005176996336 -33.4036395900478,-70.6004454613642 -33.4033759425577,-70.6015451670603 -33.4031639694832,-70.6016174084233 -33.4034276162477))"
151600010500006,305917,V1313210025,BICENTENARIO,AVENIDA,"POLYGON ((-70.6016174084233 -33.4034276162477,-70.6005176996336 -33.4036395900478,-70.6004454613642 -33.4033759425577,-70.6015451670603 -33.4031639694832,-70.6016174084233 -33.4034276162477))"
151600010500006,305616,V1313210003,ALONSO DE CORDOVA,AVENIDA,"POLYGON ((-70.599339180753 -33.4005202829657,-70.6009645951361 -33.400108267511,-70.6010578990893 -33.4003672199688,-70.5994324804263 -33.4007792367603,-70.599339180753 -33.4005202829657))"
151600010500006,305629,V1313210003,ALONSO DE CORDOVA,AVENIDA,"POLYGON ((-70.599339180753 -33.4005202829657,-70.6009645951361 -33.400108267511,-70.6010578990893 -33.4003672199688,-70.5994324804263 -33.4007792367603,-70.599339180753 -33.4005202829657))"
151600010500006,305918,V1313210025,BICENTENARIO,AVENIDA,"POLYGON ((-70.6013770310092 -33.4003281039394,-70.6018643088855 -33.4031248519184,-70.6015451670603 -33.4031639694832,-70.6010578990893 -33.4003672199688,-70.6013770310092 -33.4003281039394))"
151600010500006,305917,V1313210025,BICENTENARIO,AVENIDA,"POLYGON ((-70.6013770310092 -33.4003281039394,-70.6018643088855 -33.4031248519184,-70.6015451670603 -33.4031639694832,-70.6010578990893 -33.4003672199688,-70.6013770310092 -33.4003281039394))"
151600010500007,305616,V1313210003,ALONSO DE CORDOVA,AVENIDA,"POLYGON ((-70.6011019283559 -33.4002766199762,-70.5995694891787 -33.4007438740671,-70.5994593025164 -33.4004896309587,-70.6009917379336 -33.4000223783263,-70.6011019283559 -33.4002766199762))"
151600010500007,305629,V1313210003,ALONSO DE CORDOVA,AVENIDA,"POLYGON ((-70.6011019283559 -33.4002766199762,-70.5995694891787 -33.4007438740671,-70.5994593025164 -33.4004896309587,-70.6009917379336 -33.4000223783263,-70.6011019283559 -33.4002766199762))"
151600010500007,308138,V1313210426,O'BRIEN,CALLE,"POLYGON ((-70.5990497108148 -33.3986056474108,-70.6006348920736 -33.3982339297371,-70.6007217288928 -33.3984944596056,-70.599136543365 -33.398866178504,-70.5990497108148 -33.3986056474108))"
151600010500007,308091,V1313210415,NARCISO GOYCOLEA,CALLE,"POLYGON ((-70.5990497108148 -33.3986056474108,-70.6006348920736 -33.3982339297371,-70.6007217288928 -33.3984944596056,-70.599136543365 -33.398866178504,-70.5990497108148 -33.3986056474108))"
151600010500007,308141,V1313210426,O'BRIEN,CALLE,"POLYGON ((-70.5990497108148 -33.3986056474108,-70.6006348920736 -33.3982339297371,-70.6007217288928 -33.3984944596056,-70.599136543365 -33.398866178504,-70.5990497108148 -33.3986056474108))"
151600010500007,308137,V1313210426,O'BRIEN,CALLE,"POLYGON ((-70.5990497108148 -33.3986056474108,-70.6006348920736 -33.3982339297371,-70.6007217288928 -33.3984944596056,-70.599136543365 -33.398866178504,-70.5990497108148 -33.3986056474108))"
151600010500007,305914,V1313210025,BICENTENARIO,AVENIDA,"POLYGON ((-70.6011445613615 -33.399001686532,-70.6013144380483 -33.3999757591516,-70.6009953142123 -33.4000149142064,-70.6008254409747 -33.3990408410517,-70.6011445613615 -33.399001686532))"
151600011100001,306366,V1313210056,SAN JOSEMARIA ESCRIVA DE BALAGUER,AVENIDA,"POLYGON ((-70.6047468842953 -33.4091860247007,-70.6012045707704 -33.4081874195201,-70.6013073445277 -33.4079309995347,-70.6048496485667 -33.4089296020948,-70.6047468842953 -33.4091860247007))"
151600011100001,306327,V1313210053,PRESIDENTE KENNEDY,AVENIDA,"POLYGON ((-70.6047468842953 -33.4091860247007,-70.6012045707704 -33.4081874195201,-70.6013073445277 -33.4079309995347,-70.6048496485667 -33.4089296020948,-70.6047468842953 -33.4091860247007))"
151600011100001,306336,V1313210053,PRESIDENTE KENNEDY,AVENIDA,"POLYGON ((-70.6047468842953 -33.4091860247007,-70.6012045707704 -33.4081874195201,-70.6013073445277 -33.4079309995347,-70.6048496485667 -33.4089296020948,-70.6047468842953 -33.4091860247007))"
151600011100001,308253,V1313210459,PRESIDENTE KENNEDY,CALLE,"POLYGON ((-70.6047468842953 -33.4091860247007,-70.6012045707704 -33.4081874195201,-70.6013073445277 -33.4079309995347,-70.6048496485667 -33.4089296020948,-70.6047468842953 -33.4091860247007))"
151600011100001,306327,V1313210053,PRESIDENTE KENNEDY,AVENIDA,"POLYGON ((-70.6010664073 -33.408110854468,-70.6006846396939 -33.4077511151672,-70.6009255767779 -33.4075712609718,-70.6013073445277 -33.4079309995347,-70.6010664073 -33.408110854468))"
151600011100001,305962,V1313210033,DAG HAMMARSKJOLD,AVENIDA,"POLYGON ((-70.6006041914962 -33.4075942114104,-70.5992980024745 -33.3947254831336,-70.5996193409877 -33.3947025374351,-70.6009255767779 -33.4075712609718,-70.6006041914962 -33.4075942114104))"
151600011100001,305919,V1313210025,BICENTENARIO,AVENIDA,"POLYGON ((-70.6006041914962 -33.4075942114104,-70.5992980024745 -33.3947254831336,-70.5996193409877 -33.3947025374351,-70.6009255767779 -33.4075712609718,-70.6006041914962 -33.4075942114104))"
151600011100001,306336,V1313210053,PRESIDENTE KENNEDY,AVENIDA,"POLYGON ((-70.6006041914962 -33.4075942114104,-70.5992980024745 -33.3947254831336,-70.5996193409877 -33.3947025374351,-70.6009255767779 -33.4075712609718,-70.6006041914962 -33.4075942114104))"
151600011100001,307897,V1313210354,LOS ABEDULES,CALLE,"POLYGON ((-70.6006041914962 -33.4075942114104,-70.5992980024745 -33.3947254831336,-70.5996193409877 -33.3947025374351,-70.6009255767779 -33.4075712609718,-70.6006041914962 -33.4075942114104))"
151600011100001,305616,V1313210003,ALONSO DE CORDOVA,AVENIDA,"POLYGON ((-70.6006041914962 -33.4075942114104,-70.5992980024745 -33.3947254831336,-70.5996193409877 -33.3947025374351,-70.6009255767779 -33.4075712609718,-70.6006041914962 -33.4075942114104))"
151600011100001,305629,V1313210003,ALONSO DE CORDOVA,AVENIDA,"POLYGON ((-70.6006041914962 -33.4075942114104,-70.5992980024745 -33.3947254831336,-70.5996193409877 -33.3947025374351,-70.6009255767779 -33.4075712609718,-70.6006041914962 -33.4075942114104))"
151600011100001,305727,V1313210010,AVENIDA DAG HAMMARSKJOLD,AVENIDA,"POLYGON ((-70.6006041914962 -33.4075942114104,-70.5992980024745 -33.3947254831336,-70.5996193409877 -33.3947025374351,-70.6009255767779 -33.4075712609718,-70.6006041914962 -33.4075942114104))"
151600011100001,305728,V1313210010,AVENIDA DAG HAMMARSKJOLD,AVENIDA,"POLYGON ((-70.6006041914962 -33.4075942114104,-70.5992980024745 -33.3947254831336,-70.5996193409877 -33.3947025374351,-70.6009255767779 -33.4075712609718,-70.6006041914962 -33.4075942114104))"
151600011100001,309166,V1313210673,SIN NOMBRE,PASAJE,"POLYGON ((-70.6006041914962 -33.4075942114104,-70.5992980024745 -33.3947254831336,-70.5996193409877 -33.3947025374351,-70.6009255767779 -33.4075712609718,-70.6006041914962 -33.4075942114104))"
151600011100001,307468,V1313210289,ISABEL MONTT,CALLE,"POLYGON ((-70.5993447108726 -33.3945607174709,-70.6000152650375 -33.393647049908,-70.6002898932414 -33.3937888684608,-70.5996193409877 -33.3947025374351,-70.5993447108726 -33.3945607174709))"
151600011100001,307483,V1313210289,ISABEL MONTT,CALLE,"POLYGON ((-70.5993447108726 -33.3945607174709,-70.6000152650375 -33.393647049908,-70.6002898932414 -33.3937888684608,-70.5996193409877 -33.3947025374351,-70.5993447108726 -33.3945607174709))"
151600011100001,305919,V1313210025,BICENTENARIO,AVENIDA,"POLYGON ((-70.5993447108726 -33.3945607174709,-70.6000152650375 -33.393647049908,-70.6002898932414 -33.3937888684608,-70.5996193409877 -33.3947025374351,-70.5993447108726 -33.3945607174709))"
151600011100001,307466,V1313210289,ISABEL MONTT,CALLE,"POLYGON ((-70.6001447356247 -33.3935473005049,-70.6011881128807 -33.3931061395413,-70.6013332725482 -33.3933477062283,-70.6002898932414 -33.3937888684608,-70.6001447356247 -33.3935473005049))"
151600011100001,307468,V1313210289,ISABEL MONTT,CALLE,"POLYGON ((-70.6001447356247 -33.3935473005049,-70.6011881128807 -33.3931061395413,-70.6013332725482 -33.3933477062283,-70.6002898932414 -33.3937888684608,-70.6001447356247 -33.3935473005049))"
151600011100001,307472,V1313210289,ISABEL MONTT,CALLE,"POLYGON ((-70.6001447356247 -33.3935473005049,-70.6011881128807 -33.3931061395413,-70.6013332725482 -33.3933477062283,-70.6002898932414 -33.3937888684608,-70.6001447356247 -33.3935473005049))"
151600011100001,305747,V1313210015,AVENIDA MONSENOR ESCRIVA DE BALAGUER,AVENIDA,"POLYGON ((-70.6012351366806 -33.3930900152578,-70.6015722000757 -33.3929996927162,-70.6016703368144 -33.393257383397,-70.6013332725482 -33.3933477062283,-70.6012351366806 -33.3930900152578))"
151600011100001,307466,V1313210289,ISABEL MONTT,CALLE,"POLYGON ((-70.6012351366806 -33.3930900152578,-70.6015722000757 -33.3929996927162,-70.6016703368144 -33.393257383397,-70.6013332725482 -33.3933477062283,-70.6012351366806 -33.3930900152578))"
151600011100001,306372,V1313210056,SAN JOSEMARIA ESCRIVA DE BALAGUER,AVENIDA,"POLYGON ((-70.6012351366806 -33.3930900152578,-70.6015722000757 -33.3929996927162,-70.6016703368144 -33.393257383397,-70.6013332725482 -33.3933477062283,-70.6012351366806 -33.3930900152578))"
151600011100001,308801,V1313210550,COSTANERA NORTE,CARRETERA,"POLYGON ((-70.6019721119359 -33.3931385180745,-70.6031934160798 -33.3952166629173,-70.6029041529612 -33.3953362776751,-70.6016828537898 -33.393258129867,-70.6019721119359 -33.3931385180745))"
151600011100001,308775,V1313210550,COSTANERA NORTE,CARRETERA,"POLYGON ((-70.6032074603116 -33.3952443422664,-70.6035534676297 -33.3960475202298,-70.6032501579241 -33.3961394565456,-70.6029041529612 -33.3953362776751,-70.6032074603116 -33.3952443422664))"
151600011100001,308801,V1313210550,COSTANERA NORTE,CARRETERA,"POLYGON ((-70.6032074603116 -33.3952443422664,-70.6035534676297 -33.3960475202298,-70.6032501579241 -33.3961394565456,-70.6029041529612 -33.3953362776751,-70.6032074603116 -33.3952443422664))"
151600011100001,308775,V1313210550,COSTANERA NORTE,CARRETERA,"POLYGON ((-70.6035704459109 -33.3961077877748,-70.6037430057639 -33.3973356810714,-70.6034227133708 -33.3973673504145,-70.6032501579241 -33.3961394565456,-70.6035704459109 -33.3961077877748))"
151600011100001,308801,V1313210550,COSTANERA NORTE,CARRETERA,"POLYGON ((-70.6035704459109 -33.3961077877748,-70.6037430057639 -33.3973356810714,-70.6034227133708 -33.3973673504145,-70.6032501579241 -33.3961394565456,-70.6035704459109 -33.3961077877748))"
151600011100001,308775,V1313210550,COSTANERA NORTE,CARRETERA,"POLYGON ((-70.603743509629 -33.397339499394,-70.6051704865737 -33.4089017461772,-70.6048496485667 -33.4089296020948,-70.6034227133708 -33.3973673504145,-70.603743509629 -33.397339499394))"
151600011100001,308801,V1313210550,COSTANERA NORTE,CARRETERA,"POLYGON ((-70.603743509629 -33.397339499394,-70.6051704865737 -33.4089017461772,-70.6048496485667 -33.4089296020948,-70.6034227133708 -33.3973673504145,-70.603743509629 -33.397339499394))"
151600011100005,305730,V1313210011,AVENIDA DEL BICENTENARIO,AVENIDA,"POLYGON ((-70.6010701986627 -33.405854645235,-70.6010701986654 -33.4058553915968,-70.6007476569133 -33.4058553920162,-70.6007476569133 -33.4058546456544,-70.6010701986627 -33.405854645235))"
151600011100005,305730,V1313210011,AVENIDA DEL BICENTENARIO,AVENIDA,"POLYGON ((-70.6010199583918 -33.4054591567713,-70.601068239471 -33.4058248746898,-70.6007476569133 -33.4058546456544,-70.600699377151 -33.4054889275732,-70.6010199583918 -33.4054591567713))"
151600011100010,307466,V1313210289,ISABEL MONTT,CALLE,"POLYGON ((-70.6013165596991 -33.3935826047591,-70.6012101652586 -33.3936400830234,-70.6010355473475 -33.3934126490326,-70.6011419416384 -33.3933551709209,-70.6013165596991 -33.3935826047591))"
151600011100010,307468,V1313210289,ISABEL MONTT,CALLE,"POLYGON ((-70.6013165596991 -33.3935826047591,-70.6012101652586 -33.3936400830234,-70.6010355473475 -33.3934126490326,-70.6011419416384 -33.3933551709209,-70.6013165596991 -33.3935826047591))"
151600011100010,307472,V1313210289,ISABEL MONTT,CALLE,"POLYGON ((-70.6013165596991 -33.3935826047591,-70.6012101652586 -33.3936400830234,-70.6010355473475 -33.3934126490326,-70.6011419416384 -33.3933551709209,-70.6013165596991 -33.3935826047591))"
151600011100010,307477,V1313210289,ISABEL MONTT,CALLE,"POLYGON ((-70.6013165596991 -33.3935826047591,-70.6012101652586 -33.3936400830234,-70.6010355473475 -33.3934126490326,-70.6011419416384 -33.3933551709209,-70.6013165596991 -33.3935826047591))"
151600011100010,307468,V1313210289,ISABEL MONTT,CALLE,"POLYGON ((-70.6011505555543 -33.3936653825537,-70.5978469602039 -33.39472312558,-70.5977319599108 -33.3944703887938,-70.6010355473475 -33.3934126490326,-70.6011505555543 -33.3936653825537))"
151600011100010,307474,V1313210289,ISABEL MONTT,CALLE,"POLYGON ((-70.6011505555543 -33.3936653825537,-70.5978469602039 -33.39472312558,-70.5977319599108 -33.3944703887938,-70.6010355473475 -33.3934126490326,-70.6011505555543 -33.3936653825537))"
151600011100010,307475,V1313210289,ISABEL MONTT,CALLE,"POLYGON ((-70.6011505555543 -33.3936653825537,-70.5978469602039 -33.39472312558,-70.5977319599108 -33.3944703887938,-70.6010355473475 -33.3934126490326,-70.6011505555543 -33.3936653825537))"
151600011100010,307479,V1313210289,ISABEL MONTT,CALLE,"POLYGON ((-70.6011505555543 -33.3936653825537,-70.5978469602039 -33.39472312558,-70.5977319599108 -33.3944703887938,-70.6010355473475 -33.3934126490326,-70.6011505555543 -33.3936653825537))"
151600011100010,307483,V1313210289,ISABEL MONTT,CALLE,"POLYGON ((-70.6011505555543 -33.3936653825537,-70.5978469602039 -33.39472312558,-70.5977319599108 -33.3944703887938,-70.6010355473475 -33.3934126490326,-70.6011505555543 -33.3936653825537))"
151600011100010,305919,V1313210025,BICENTENARIO,AVENIDA,"POLYGON ((-70.6011505555543 -33.3936653825537,-70.5978469602039 -33.39472312558,-70.5977319599108 -33.3944703887938,-70.6010355473475 -33.3934126490326,-70.6011505555543 -33.3936653825537))"
151600011100010,307365,V1313210256,FRANCISCO BERTRAND VERGARA,CALLE,"POLYGON ((-70.6011505555543 -33.3936653825537,-70.5978469602039 -33.39472312558,-70.5977319599108 -33.3944703887938,-70.6010355473475 -33.3934126490326,-70.6011505555543 -33.3936653825537))"
151600011100010,307478,V1313210289,ISABEL MONTT,CALLE,"POLYGON ((-70.6011505555543 -33.3936653825537,-70.5978469602039 -33.39472312558,-70.5977319599108 -33.3944703887938,-70.6010355473475 -33.3934126490326,-70.6011505555543 -33.3936653825537))"
151600011100010,306254,V1313210049,NUEVA COSTANERA,AVENIDA,"POLYGON ((-70.5969905079504 -33.3945605816419,-70.5968108046049 -33.3932632253691,-70.5971311450915 -33.3932320034109,-70.5973108530955 -33.3945293590862,-70.5969905079504 -33.3945605816419))"
151600011100010,306270,V1313210049,NUEVA COSTANERA,AVENIDA,"POLYGON ((-70.5969905079504 -33.3945605816419,-70.5968108046049 -33.3932632253691,-70.5971311450915 -33.3932320034109,-70.5973108530955 -33.3945293590862,-70.5969905079504 -33.3945605816419))"
151600011100010,306280,V1313210049,NUEVA COSTANERA,AVENIDA,"POLYGON ((-70.5969905079504 -33.3945605816419,-70.5968108046049 -33.3932632253691,-70.5971311450915 -33.3932320034109,-70.5973108530955 -33.3945293590862,-70.5969905079504 -33.3945605816419))"
151600011100010,306277,V1313210049,NUEVA COSTANERA,AVENIDA,"POLYGON ((-70.5969905079504 -33.3945605816419,-70.5968108046049 -33.3932632253691,-70.5971311450915 -33.3932320034109,-70.5973108530955 -33.3945293590862,-70.5969905079504 -33.3945605816419))"
151600011100010,307542,V1313210302,JUAN AGUSTIN ALCALDE,CALLE,"POLYGON ((-70.5969905079504 -33.3945605816419,-70.5968108046049 -33.3932632253691,-70.5971311450915 -33.3932320034109,-70.5973108530955 -33.3945293590862,-70.5969905079504 -33.3945605816419))"
151600011100010,305747,V1313210015,AVENIDA MONSENOR ESCRIVA DE BALAGUER,AVENIDA,"POLYGON ((-70.5999906263941 -33.3920477881978,-70.600265999179 -33.3919634363748,-70.6003766179995 -33.3922175443714,-70.6001012445407 -33.3923018964573,-70.5999906263941 -33.3920477881978))"
151600011100010,305767,V1313210015,AVENIDA MONSENOR ESCRIVA DE BALAGUER,AVENIDA,"POLYGON ((-70.5999906263941 -33.3920477881978,-70.600265999179 -33.3919634363748,-70.6003766179995 -33.3922175443714,-70.6001012445407 -33.3923018964573,-70.5999906263941 -33.3920477881978))"
151600011100010,305747,V1313210015,AVENIDA MONSENOR ESCRIVA DE BALAGUER,AVENIDA,"POLYGON ((-70.6003766180233 -33.3919470240145,-70.6003775120902 -33.3919470240146,-70.6003775120692 -33.3922175443714,-70.6003766179995 -33.3922175443714,-70.6003766180233 -33.3919470240145))"
151600011100010,305767,V1313210015,AVENIDA MONSENOR ESCRIVA DE BALAGUER,AVENIDA,"POLYGON ((-70.6003766180233 -33.3919470240145,-70.6003775120902 -33.3919470240146,-70.6003775120692 -33.3922175443714,-70.6003766179995 -33.3922175443714,-70.6003766180233 -33.3919470240145))"
151600011100010,305747,V1313210015,AVENIDA MONSENOR ESCRIVA DE BALAGUER,AVENIDA,"POLYGON ((-70.6006417699765 -33.3920624865485,-70.6010208561518 -33.3925170902524,-70.60075659761 -33.3926721488929,-70.6003775120692 -33.3922175443714,-70.6006417699765 -33.3920624865485))"
151600011100010,305767,V1313210015,AVENIDA MONSENOR ESCRIVA DE BALAGUER,AVENIDA,"POLYGON ((-70.6006417699765 -33.3920624865485,-70.6010208561518 -33.3925170902524,-70.60075659761 -33.3926721488929,-70.6003775120692 -33.3922175443714,-70.6006417699765 -33.3920624865485))"
151600011100010,305747,V1313210015,AVENIDA MONSENOR ESCRIVA DE BALAGUER,AVENIDA,"POLYGON ((-70.6010480954666 -33.3925564294896,-70.6014334411887 -33.3932394505714,-70.6011419416384 -33.3933551709209,-70.60075659761 -33.3926721488929,-70.6010480954666 -33.3925564294896))"
151600011100010,306372,V1313210056,SAN JOSEMARIA ESCRIVA DE BALAGUER,AVENIDA,"POLYGON ((-70.6010480954666 -33.3925564294896,-70.6014334411887 -33.3932394505714,-70.6011419416384 -33.3933551709209,-70.60075659761 -33.3926721488929,-70.6010480954666 -33.3925564294896))"
151600011100010,307472,V1313210289,ISABEL MONTT,CALLE,"POLYGON ((-70.6010480954666 -33.3925564294896,-70.6014334411887 -33.3932394505714,-70.6011419416384 -33.3933551709209,-70.60075659761 -33.3926721488929,-70.6010480954666 -33.3925564294896))"
151600011100139,305960,V1313210033,DAG HAMMARSKJOLD,AVENIDA,"POLYGON ((-70.6009377972119 -33.4045700974447,-70.6010209489629 -33.4054679788712,-70.600699377151 -33.4054889275732,-70.6006162286715 -33.404591045836,-70.6009377972119 -33.4045700974447))"
151600011100139,305957,V1313210033,DAG HAMMARSKJOLD,AVENIDA,"POLYGON ((-70.6009377972119 -33.4045700974447,-70.6010209489629 -33.4054679788712,-70.600699377151 -33.4054889275732,-70.6006162286715 -33.404591045836,-70.6009377972119 -33.4045700974447))"
151600011100143,308091,V1313210415,NARCISO GOYCOLEA,CALLE,"POLYGON ((-70.5992170096581 -33.3981581341055,-70.5992161155857 -33.3981581341056,-70.5992161155658 -33.3978876138908,-70.5992170096354 -33.3978876138908,-70.5992170096581 -33.3981581341055))"
151600011100143,308092,V1313210415,NARCISO GOYCOLEA,CALLE,"POLYGON ((-70.5989025725393 -33.3979509697728,-70.5987505824538 -33.3974217486464,-70.5990641237216 -33.3973583931968,-70.5992161155658 -33.3978876138908,-70.5989025725393 -33.3979509697728))"
151600011100143,307545,V1313210303,JUAN BAUTISTA PASTENES,CALLE,"POLYGON ((-70.5989025725393 -33.3979509697728,-70.5987505824538 -33.3974217486464,-70.5990641237216 -33.3973583931968,-70.5992161155658 -33.3978876138908,-70.5989025725393 -33.3979509697728))"
151600011100143,308092,V1313210415,NARCISO GOYCOLEA,CALLE,"POLYGON ((-70.598741613159 -33.3973583927775,-70.5987416131617 -33.3973576463426,-70.5990641237216 -33.397357646762,-70.5990641237216 -33.3973583931968,-70.598741613159 -33.3973583927775))"
151600011100146,305624,V1313210003,ALONSO DE CORDOVA,AVENIDA,"POLYGON ((-70.6011041447994 -33.4003057859508,-70.6009843398922 -33.4001147043391,-70.6012697936015 -33.3999887897815,-70.6013895989375 -33.4001798711077,-70.6011041447994 -33.4003057859508))"
151600011100146,305616,V1313210003,ALONSO DE CORDOVA,AVENIDA,"POLYGON ((-70.6011041447994 -33.4003057859508,-70.6009843398922 -33.4001147043391,-70.6012697936015 -33.3999887897815,-70.6013895989375 -33.4001798711077,-70.6011041447994 -33.4003057859508))"
151600011100146,305919,V1313210025,BICENTENARIO,AVENIDA,"POLYGON ((-70.6009517233565 -33.4000335721255,-70.6005216833636 -33.3978846233677,-70.6008397460894 -33.3978398423385,-70.6012697936015 -33.3999887897815,-70.6009517233565 -33.4000335721255))"
151600011100146,305914,V1313210025,BICENTENARIO,AVENIDA,"POLYGON ((-70.6009517233565 -33.4000335721255,-70.6005216833636 -33.3978846233677,-70.6008397460894 -33.3978398423385,-70.6012697936015 -33.3999887897815,-70.6009517233565 -33.4000335721255))"
151600011100146,305921,V1313210025,BICENTENARIO,AVENIDA,"POLYGON ((-70.6009517233565 -33.4000335721255,-70.6005216833636 -33.3978846233677,-70.6008397460894 -33.3978398423385,-70.6012697936015 -33.3999887897815,-70.6009517233565 -33.4000335721255))"
151600011100154,305730,V1313210011,AVENIDA DEL BICENTENARIO,AVENIDA,"POLYGON ((-70.6009923819991 -33.4064081044226,-70.6009521488337 -33.406434973405,-70.6007512331919 -33.4062233476307,-70.6007914663272 -33.4061964787137,-70.6009923819991 -33.4064081044226))"
151600011100154,307897,V1313210354,LOS ABEDULES,CALLE,"POLYGON ((-70.6009923819991 -33.4064081044226,-70.6009521488337 -33.406434973405,-70.6007512331919 -33.4062233476307,-70.6007914663272 -33.4061964787137,-70.6009923819991 -33.4064081044226))"
151600011100154,305963,V1313210033,DAG HAMMARSKJOLD,AVENIDA,"POLYGON ((-70.6009923819991 -33.4064081044226,-70.6009521488337 -33.406434973405,-70.6007512331919 -33.4062233476307,-70.6007914663272 -33.4061964787137,-70.6009923819991 -33.4064081044226))"
151600011100154,307897,V1313210354,LOS ABEDULES,CALLE,"POLYGON ((-70.6007866885637 -33.4064922279936,-70.600263656226 -33.40654074149,-70.600228202434 -33.4062718609322,-70.6007512331919 -33.4062233476307,-70.6007866885637 -33.4064922279936))"
151600011100154,307897,V1313210354,LOS ABEDULES,CALLE,"POLYGON ((-70.6002282024389 -33.4065423807018,-70.6002273083664 -33.4065423807018,-70.6002273083644 -33.4062718609322,-70.600228202434 -33.4062718609322,-70.6002282024389 -33.4065423807018))"
151600011100154,305730,V1313210011,AVENIDA DEL BICENTENARIO,AVENIDA,"POLYGON ((-70.6010683432197 -33.4058264176851,-70.6011121538634 -33.4061675042339,-70.6007914663272 -33.4061964787137,-70.6007476569133 -33.4058553920162,-70.6010683432197 -33.4058264176851))"
151600011100154,308461,V1313210503,SIN NOMBRE,CALLE,"POLYGON ((-70.6010683432197 -33.4058264176851,-70.6011121538634 -33.4061675042339,-70.6007914663272 -33.4061964787137,-70.6007476569133 -33.4058553920162,-70.6010683432197 -33.4058264176851))"
151600011100154,305963,V1313210033,DAG HAMMARSKJOLD,AVENIDA,"POLYGON ((-70.6010683432197 -33.4058264176851,-70.6011121538634 -33.4061675042339,-70.6007914663272 -33.4061964787137,-70.6007476569133 -33.4058553920162,-70.6010683432197 -33.4058264176851))"
151600011100532,305919,V1313210025,BICENTENARIO,AVENIDA,"POLYGON ((-70.599318987559 -33.3948010573447,-70.5990802724006 -33.394288985269,-70.5993806243853 -33.3941904659741,-70.5996193409877 -33.3947025374351,-70.599318987559 -33.3948010573447))"
151600011100532,305919,V1313210025,BICENTENARIO,AVENIDA,"POLYGON ((-70.5990581255649 -33.3941904655553,-70.5990581256035 -33.3941800150848,-70.5993806243853 -33.3941800155047,-70.5993806243853 -33.3941904659741,-70.5990581255649 -33.3941904655553))"
151600011100532,307474,V1313210289,ISABEL MONTT,CALLE,"POLYGON ((-70.5990830474172 -33.3940757399271,-70.5991536793348 -33.3939339121591,-70.5994512558894 -33.3940381875815,-70.5993806243853 -33.3941800155047,-70.5990830474172 -33.3940757399271))"
151600011100532,307475,V1313210289,ISABEL MONTT,CALLE,"POLYGON ((-70.5990830474172 -33.3940757399271,-70.5991536793348 -33.3939339121591,-70.5994512558894 -33.3940381875815,-70.5993806243853 -33.3941800155047,-70.5990830474172 -33.3940757399271))"
151600011100532,307479,V1313210289,ISABEL MONTT,CALLE,"POLYGON ((-70.5990830474172 -33.3940757399271,-70.5991536793348 -33.3939339121591,-70.5994512558894 -33.3940381875815,-70.5993806243853 -33.3941800155047,-70.5990830474172 -33.3940757399271))"
151600011100532,305919,V1313210025,BICENTENARIO,AVENIDA,"POLYGON ((-70.5990830474172 -33.3940757399271,-70.5991536793348 -33.3939339121591,-70.5994512558894 -33.3940381875815,-70.5993806243853 -33.3941800155047,-70.5990830474172 -33.3940757399271))"
151600011100532,307468,V1313210289,ISABEL MONTT,CALLE,"POLYGON ((-70.5993435261159 -33.3937832069775,-70.6001821613872 -33.3935338886391,-70.6002898932414 -33.3937888684608,-70.5994512558894 -33.3940381875815,-70.5993435261159 -33.3937832069775))"
151600011100532,307475,V1313210289,ISABEL MONTT,CALLE,"POLYGON ((-70.5993435261159 -33.3937832069775,-70.6001821613872 -33.3935338886391,-70.6002898932414 -33.3937888684608,-70.5994512558894 -33.3940381875815,-70.5993435261159 -33.3937832069775))"
151600011100532,307483,V1313210289,ISABEL MONTT,CALLE,"POLYGON ((-70.5993435261159 -33.3937832069775,-70.6001821613872 -33.3935338886391,-70.6002898932414 -33.3937888684608,-70.5994512558894 -33.3940381875815,-70.5993435261159 -33.3937832069775))"
151600011100534,305919,V1313210025,BICENTENARIO,AVENIDA,"POLYGON ((-70.5997879667164 -33.3957918992398,-70.5995420990162 -33.3952708755361,-70.5998419643359 -33.3951713115793,-70.6000878334956 -33.3956923346516,-70.5997879667164 -33.3957918992398))"
151600011100534,305915,V1313210025,BICENTENARIO,AVENIDA,"POLYGON ((-70.5997879667164 -33.3957918992398,-70.5995420990162 -33.3952708755361,-70.5998419643359 -33.3951713115793,-70.6000878334956 -33.3956923346516,-70.5997879667164 -33.3957918992398))"
151600011100534,309166,V1313210673,SIN NOMBRE,PASAJE,"POLYGON ((-70.5997879667164 -33.3957918992398,-70.5995420990162 -33.3952708755361,-70.5998419643359 -33.3951713115793,-70.6000878334956 -33.3956923346516,-70.5997879667164 -33.3957918992398))"
151600011190011,305730,V1313210011,AVENIDA DEL BICENTENARIO,AVENIDA,"POLYGON ((-70.6011696673018 -33.4066415690454,-70.6011553628731 -33.4068274113199,-70.6008334876017 -33.4068099835822,-70.6008477927165 -33.406624141324,-70.6011696673018 -33.4066415690454))"
151600011190011,305962,V1313210033,DAG HAMMARSKJOLD,AVENIDA,"POLYGON ((-70.6011696673018 -33.4066415690454,-70.6011553628731 -33.4068274113199,-70.6008334876017 -33.4068099835822,-70.6008477927165 -33.406624141324,-70.6011696673018 -33.4066415690454))"
151600011190011,308461,V1313210503,SIN NOMBRE,CALLE,"POLYGON ((-70.6011696673018 -33.4066415690454,-70.6011553628731 -33.4068274113199,-70.6008334876017 -33.4068099835822,-70.6008477927165 -33.406624141324,-70.6011696673018 -33.4066415690454))"
151600011190011,305962,V1313210033,DAG HAMMARSKJOLD,AVENIDA,"POLYGON ((-70.600874222617 -33.4070783372434,-70.600412881283 -33.4071275967615,-70.6003721476512 -33.4068592429093,-70.6008334876017 -33.4068099835822,-70.600874222617 -33.4070783372434))"
151600011190011,307897,V1313210354,LOS ABEDULES,CALLE,"POLYGON ((-70.600047136247 -33.40687442816,-70.599988129239 -33.4064325856506,-70.6003086687045 -33.4064024735322,-70.6003676773028 -33.4068443158434,-70.600047136247 -33.40687442816))"
151600011190011,307897,V1313210354,LOS ABEDULES,CALLE,"POLYGON ((-70.6002673856551 -33.4061341787421,-70.600770745372 -33.4060796948634,-70.6008120299296 -33.4063479894429,-70.6003086687045 -33.4064024735322,-70.6002673856551 -33.4061341787421))"
151600011190011,305730,V1313210011,AVENIDA DEL BICENTENARIO,AVENIDA,"POLYGON ((-70.6011326874795 -33.4063187781674,-70.6011684512616 -33.4065949299273,-70.6008477927165 -33.406624141324,-70.6008120299296 -33.4063479894429,-70.6011326874795 -33.4063187781674))"
151600011190011,305962,V1313210033,DAG HAMMARSKJOLD,AVENIDA,"POLYGON ((-70.6011326874795 -33.4063187781674,-70.6011684512616 -33.4065949299273,-70.6008477927165 -33.406624141324,-70.6008120299296 -33.4063479894429,-70.6011326874795 -33.4063187781674))"
151600011190011,308461,V1313210503,SIN NOMBRE,CALLE,"POLYGON ((-70.6011326874795 -33.4063187781674,-70.6011684512616 -33.4065949299273,-70.6008477927165 -33.406624141324,-70.6008120299296 -33.4063479894429,-70.6011326874795 -33.4063187781674))"
151600011190045,305962,V1313210033,DAG HAMMARSKJOLD,AVENIDA,"POLYGON ((-70.6011560328741 -33.4068099831626,-70.6011560328768 -33.4068107295162,-70.6008334876017 -33.4068107299358,-70.6008334876017 -33.4068099835822,-70.6011560328741 -33.4068099831626))"
151600011190045,305962,V1313210033,DAG HAMMARSKJOLD,AVENIDA,"POLYGON ((-70.6011554804168 -33.406826556782,-70.60114922226 -33.4069161191795,-70.600827229114 -33.4069002923271,-70.6008334876017 -33.4068107299358,-70.6011554804168 -33.406826556782))"
151600011190045,305962,V1313210033,DAG HAMMARSKJOLD,AVENIDA,"POLYGON ((-70.6011419258593 -33.4069596075709,-70.6010659309251 -33.4072432213622,-70.6007512331919 -33.4071839059572,-70.600827229114 -33.4069002923271,-70.6011419258593 -33.4069596075709))"
151600011190045,305727,V1313210010,AVENIDA DAG HAMMARSKJOLD,AVENIDA,"POLYGON ((-70.6011419258593 -33.4069596075709,-70.6010659309251 -33.4072432213622,-70.6007512331919 -33.4071839059572,-70.600827229114 -33.4069002923271,-70.6011419258593 -33.4069596075709))"
151600011190045,305962,V1313210033,DAG HAMMARSKJOLD,AVENIDA,"POLYGON ((-70.601047893521 -33.4072900904191,-70.600962063319 -33.4074587656433,-70.6006654025035 -33.4073525809928,-70.6007512331919 -33.4071839059572,-70.601047893521 -33.4072900904191))"
151600011190045,305727,V1313210010,AVENIDA DAG HAMMARSKJOLD,AVENIDA,"POLYGON ((-70.601047893521 -33.4072900904191,-70.600962063319 -33.4074587656433,-70.6006654025035 -33.4073525809928,-70.6007512331919 -33.4071839059572,-70.601047893521 -33.4072900904191))"
151600011190045,306336,V1313210053,PRESIDENTE KENNEDY,AVENIDA,"POLYGON ((-70.6009000175354 -33.4075382207447,-70.6007623308643 -33.4076606221488,-70.600527715774 -33.407474982141,-70.6006654025035 -33.4073525809928,-70.6009000175354 -33.4075382207447))"
151600011190045,305727,V1313210010,AVENIDA DAG HAMMARSKJOLD,AVENIDA,"POLYGON ((-70.6009000175354 -33.4075382207447,-70.6007623308643 -33.4076606221488,-70.600527715774 -33.407474982141,-70.6006654025035 -33.4073525809928,-70.6009000175354 -33.4075382207447))"
151600011190045,305728,V1313210010,AVENIDA DAG HAMMARSKJOLD,AVENIDA,"POLYGON ((-70.6009000175354 -33.4075382207447,-70.6007623308643 -33.4076606221488,-70.600527715774 -33.407474982141,-70.6006654025035 -33.4073525809928,-70.6009000175354 -33.4075382207447))"
151600011190045,305728,V1313210010,AVENIDA DAG HAMMARSKJOLD,AVENIDA,"POLYGON ((-70.6006187156525 -33.4077345124497,-70.6005793764825 -33.407744215004,-70.6004883767085 -33.4074846846637,-70.600527715774 -33.407474982141,-70.6006187156525 -33.4077345124497))"
151600011190045,306537,V1313210062,VITACURA,AVENIDA,"POLYGON ((-70.6004617149084 -33.4077542785919,-70.6004295283009 -33.4077520395444,-70.6004561902003 -33.4074824456201,-70.6004883767085 -33.4074846846637,-70.6004617149084 -33.4077542785919))"
151600011190045,305728,V1313210010,AVENIDA DAG HAMMARSKJOLD,AVENIDA,"POLYGON ((-70.6004617149084 -33.4077542785919,-70.6004295283009 -33.4077520395444,-70.6004561902003 -33.4074824456201,-70.6004883767085 -33.4074846846637,-70.6004617149084 -33.4077542785919))"
151600011190045,305962,V1313210033,DAG HAMMARSKJOLD,AVENIDA,"POLYGON ((-70.6001356857697 -33.4075128482463,-70.6000516454627 -33.4068896452539,-70.6003721476512 -33.4068592429093,-70.6004561902003 -33.4074824456201,-70.6001356857697 -33.4075128482463))"
151600011190045,305728,V1313210010,AVENIDA DAG HAMMARSKJOLD,AVENIDA,"POLYGON ((-70.6001356857697 -33.4075128482463,-70.6000516454627 -33.4068896452539,-70.6003721476512 -33.4068592429093,-70.6004561902003 -33.4074824456201,-70.6001356857697 -33.4075128482463))"
151600011190045,305962,V1313210033,DAG HAMMARSKJOLD,AVENIDA,"POLYGON ((-70.6003313364728 -33.4065908973433,-70.6007917809731 -33.4065416382072,-70.6008325935321 -33.4068099835822,-70.6003721476512 -33.4068592429093,-70.6003313364728 -33.4065908973433))"
151600011190045,305962,V1313210033,DAG HAMMARSKJOLD,AVENIDA,"POLYGON ((-70.6008325935442 -33.4065394638796,-70.6008334876111 -33.4065394638797,-70.6008334876017 -33.4068099835822,-70.6008325935321 -33.4068099835822,-70.6008325935442 -33.4065394638796))"
151600011190156,308141,V1313210426,O'BRIEN,CALLE,"POLYGON ((-70.6004038498278 -33.3986974448583,-70.5995285532643 -33.3989034587527,-70.599441421123 -33.398642998071,-70.6003167153315 -33.3984369848549,-70.6004038498278 -33.3986974448583))"
151600011190156,308137,V1313210426,O'BRIEN,CALLE,"POLYGON ((-70.6004038498278 -33.3986974448583,-70.5995285532643 -33.3989034587527,-70.599441421123 -33.398642998071,-70.6003167153315 -33.3984369848549,-70.6004038498278 -33.3986974448583))"
151600011190156,308091,V1313210415,NARCISO GOYCOLEA,CALLE,"POLYGON ((-70.5991285668241 -33.3987087147424,-70.5989032637547 -33.3979540763563,-70.5992161155658 -33.3978883603211,-70.599441421123 -33.398642998071,-70.5991285668241 -33.3987087147424))"
151600011190396,305919,V1313210025,BICENTENARIO,AVENIDA,"POLYGON ((-70.6008785605342 -33.3977840025743,-70.6009903205976 -33.3981885667327,-70.6006761313395 -33.3982496318321,-70.6005643726306 -33.3978450673533,-70.6008785605342 -33.3977840025743))"
151600011190396,305921,V1313210025,BICENTENARIO,AVENIDA,"POLYGON ((-70.6008785605342 -33.3977840025743,-70.6009903205976 -33.3981885667327,-70.6006761313395 -33.3982496318321,-70.6005643726306 -33.3978450673533,-70.6008785605342 -33.3977840025743))"
151600011190396,305919,V1313210025,BICENTENARIO,AVENIDA,"POLYGON ((-70.6009950258528 -33.3982092192745,-70.6010129075969 -33.3983084939782,-70.600694012733 -33.3983489065917,-70.6006761313395 -33.3982496318321,-70.6009950258528 -33.3982092192745))"
151600011190396,305921,V1313210025,BICENTENARIO,AVENIDA,"POLYGON ((-70.6009950258528 -33.3982092192745,-70.6010129075969 -33.3983084939782,-70.600694012733 -33.3983489065917,-70.6006761313395 -33.3982496318321,-70.6009950258528 -33.3982092192745))"
151600011190538,308088,V1313210415,NARCISO GOYCOLEA,CALLE,"POLYGON ((-70.5982705002129 -33.3961904078187,-70.5979164506722 -33.395452168936,-70.5982156516032 -33.3953512067181,-70.5985697031932 -33.3960894446951,-70.5982705002129 -33.3961904078187))"
151600011390001,305919,V1313210025,BICENTENARIO,AVENIDA,"POLYGON ((-70.6002539798204 -33.3966117521861,-70.6003317646896 -33.3968595699167,-70.6000198842005 -33.3969284456622,-70.5999421001391 -33.3966806277141,-70.6002539798204 -33.3966117521861))"
151600011390311,305919,V1313210025,BICENTENARIO,AVENIDA,"POLYGON ((-70.6006284970845 -33.39741213607,-70.6006284970873 -33.3974128825042,-70.6003059864955 -33.3974128829234,-70.6003059864955 -33.3974121364891,-70.6006284970845 -33.39741213607))"
151600011390311,305921,V1313210025,BICENTENARIO,AVENIDA,"POLYGON ((-70.6006284970845 -33.39741213607,-70.6006284970873 -33.3974128825042,-70.6003059864955 -33.3974128829234,-70.6003059864955 -33.3974121364891,-70.6006284970845 -33.39741213607))"
151600011390311,305919,V1313210025,BICENTENARIO,AVENIDA,"POLYGON ((-70.6003436286921 -33.3969890451553,-70.6005421123079 -33.397190582389,-70.6002934695201 -33.3973628718058,-70.600094986053 -33.3971613341742,-70.6003436286921 -33.3969890451553))"
151600011390311,305921,V1313210025,BICENTENARIO,AVENIDA,"POLYGON ((-70.6003436286921 -33.3969890451553,-70.6005421123079 -33.397190582389,-70.6002934695201 -33.3973628718058,-70.600094986053 -33.3971613341742,-70.6003436286921 -33.3969890451553))"
151600011390311,305919,V1313210025,BICENTENARIO,AVENIDA,"POLYGON ((-70.6006088960659 -33.3973064851009,-70.6006214132086 -33.3973557497477,-70.6003059864955 -33.3974121364891,-70.6002934695201 -33.3973628718058,-70.6006088960659 -33.3973064851009))"
151600011390311,305921,V1313210025,BICENTENARIO,AVENIDA,"POLYGON ((-70.6006088960659 -33.3973064851009,-70.6006214132086 -33.3973557497477,-70.6003059864955 -33.3974121364891,-70.6002934695201 -33.3973628718058,-70.6006088960659 -33.3973064851009))"
151600011390357,307308,V1313210244,ESPOZ,CALLE,"POLYGON ((-70.5998329158561 -33.396426081962,-70.6000975598266 -33.3963462130238,-70.6002067447619 -33.3966007585261,-70.5999421001391 -33.3966806277141,-70.5998329158561 -33.396426081962))"
151600011390357,305919,V1313210025,BICENTENARIO,AVENIDA,"POLYGON ((-70.6005159832271 -33.396523960488,-70.6005705219651 -33.3966784735617,-70.6002612830119 -33.3967552717488,-70.6002067447619 -33.3966007585261,-70.6005159832271 -33.396523960488))"
151600011390357,305921,V1313210025,BICENTENARIO,AVENIDA,"POLYGON ((-70.6005159832271 -33.396523960488,-70.6005705219651 -33.3966784735617,-70.6002612830119 -33.3967552717488,-70.6002067447619 -33.3966007585261,-70.6005159832271 -33.396523960488))"
151600011390357,305919,V1313210025,BICENTENARIO,AVENIDA,"POLYGON ((-70.6005753581899 -33.3966938143036,-70.6008784514525 -33.3977836090405,-70.6005643726306 -33.3978450673533,-70.6002612830119 -33.3967552717488,-70.6005753581899 -33.3966938143036))"
151600011390357,305921,V1313210025,BICENTENARIO,AVENIDA,"POLYGON ((-70.6005753581899 -33.3966938143036,-70.6008784514525 -33.3977836090405,-70.6005643726306 -33.3978450673533,-70.6002612830119 -33.3967552717488,-70.6005753581899 -33.3966938143036))"
151600011390421,305919,V1313210025,BICENTENARIO,AVENIDA,"POLYGON ((-70.6006208440389 -33.3973543008078,-70.6007424390655 -33.3978141028164,-70.6004275799708 -33.3978726852835,-70.6003059864955 -33.3974128829234,-70.6006208440389 -33.3973543008078))"
151600011390421,305921,V1313210025,BICENTENARIO,AVENIDA,"POLYGON ((-70.6006208440389 -33.3973543008078,-70.6007424390655 -33.3978141028164,-70.6004275799708 -33.3978726852835,-70.6003059864955 -33.3974128829234,-70.6006208440389 -33.3973543008078))"
151600011590001,305919,V1313210025,BICENTENARIO,AVENIDA,"POLYGON ((-70.5998867051727 -33.395317681373,-70.5998831289226 -33.3953266388177,-70.5995773197131 -33.3952407317392,-70.5995808959918 -33.3952317743024,-70.5998867051727 -33.395317681373))"
151600011590001,309166,V1313210673,SIN NOMBRE,PASAJE,"POLYGON ((-70.5996891494822 -33.3954944677344,-70.5995952719382 -33.3955235794884,-70.5994834423976 -33.3952698434027,-70.5995773197131 -33.3952407317392,-70.5996891494822 -33.3954944677344))"
151600011590001,309166,V1313210673,SIN NOMBRE,PASAJE,"POLYGON ((-70.5994834424198 -33.3955403637026,-70.5994825483474 -33.3955403637027,-70.5994825483279 -33.3952698434027,-70.5994834423976 -33.3952698434027,-70.5994834424198 -33.3955403637026))"
151600011590001,307365,V1313210256,FRANCISCO BERTRAND VERGARA,CALLE,"POLYGON ((-70.5988338116223 -33.3949435347579,-70.5985378763302 -33.3943135224796,-70.5988379240947 -33.3942143527566,-70.599133861156 -33.3948443642742,-70.5988338116223 -33.3949435347579))"
151600011590001,307479,V1313210289,ISABEL MONTT,CALLE,"POLYGON ((-70.5987167353606 -33.3939636591595,-70.5989339937873 -33.3938897596299,-70.5990551830249 -33.394140453002,-70.5988379240947 -33.3942143527566,-70.5987167353606 -33.3939636591595))"
151600011590001,307479,V1313210289,ISABEL MONTT,CALLE,"POLYGON ((-70.5990551830453 -33.3938699326038,-70.5990560771122 -33.3938699326039,-70.5990560770945 -33.394140453002,-70.5990551830249 -33.394140453002,-70.5990551830453 -33.3938699326038))"
151600011590001,307474,V1313210289,ISABEL MONTT,CALLE,"POLYGON ((-70.5993551585553 -33.3940392516364,-70.5998799804768 -33.3951305715951,-70.5995808959918 -33.3952317743024,-70.5990560770945 -33.394140453002,-70.5993551585553 -33.3940392516364))"
151600011590001,307475,V1313210289,ISABEL MONTT,CALLE,"POLYGON ((-70.5993551585553 -33.3940392516364,-70.5998799804768 -33.3951305715951,-70.5995808959918 -33.3952317743024,-70.5990560770945 -33.394140453002,-70.5993551585553 -33.3940392516364))"
151600011590001,305919,V1313210025,BICENTENARIO,AVENIDA,"POLYGON ((-70.5993551585553 -33.3940392516364,-70.5998799804768 -33.3951305715951,-70.5995808959918 -33.3952317743024,-70.5990560770945 -33.394140453002,-70.5993551585553 -33.3940392516364))"
151600011590001,307478,V1313210289,ISABEL MONTT,CALLE,"POLYGON ((-70.5993551585553 -33.3940392516364,-70.5998799804768 -33.3951305715951,-70.5995808959918 -33.3952317743024,-70.5990560770945 -33.394140453002,-70.5993551585553 -33.3940392516364))"
151600011590052,307478,V1313210289,ISABEL MONTT,CALLE,"POLYGON ((-70.5991379711513 -33.3941151823265,-70.5994339099818 -33.3947451930834,-70.599133861156 -33.3948443642742,-70.5988379240947 -33.3942143527566,-70.5991379711513 -33.3941151823265))"
151600011590409,305919,V1313210025,BICENTENARIO,AVENIDA,"POLYGON ((-70.5998050510876 -33.3952690965307,-70.5998050510904 -33.3952698429834,-70.5994825483279 -33.3952698434027,-70.5994825483279 -33.3952690969499,-70.5998050510876 -33.3952690965307))"
151600011590409,309166,V1313210673,SIN NOMBRE,PASAJE,"POLYGON ((-70.5996558552903 -33.3954979839422,-70.5989128823273 -33.3958950969746,-70.5987395764308 -33.3956669553767,-70.5994825483279 -33.3952698434027,-70.5996558552903 -33.3954979839422))"
151600011590409,308088,V1313210415,NARCISO GOYCOLEA,CALLE,"POLYGON ((-70.5983363048548 -33.3957824328343,-70.5982826610371 -33.3956585220425,-70.5985857964473 -33.3955661846528,-70.5986394406276 -33.3956900953042,-70.5983363048548 -33.3957824328343))"
151600011590409,305919,V1313210025,BICENTENARIO,AVENIDA,"POLYGON ((-70.5995651674019 -33.3947090005764,-70.5997824276224 -33.3951695626106,-70.5994825483279 -33.3952690969499,-70.5992652893977 -33.3948085343578,-70.5995651674019 -33.3947090005764))"
151600011790001,305919,V1313210025,BICENTENARIO,AVENIDA,"POLYGON ((-70.6000381811298 -33.3955210062719,-70.6000247712026 -33.3958233182862,-70.5997024894671 -33.3958132593307,-70.5997159005122 -33.3955109473176,-70.6000381811298 -33.3955210062719))"
151600011790001,305915,V1313210025,BICENTENARIO,AVENIDA,"POLYGON ((-70.6000381811298 -33.3955210062719,-70.6000247712026 -33.3958233182862,-70.5997024894671 -33.3958132593307,-70.5997159005122 -33.3955109473176,-70.6000381811298 -33.3955210062719))"
151600011790001,305919,V1313210025,BICENTENARIO,AVENIDA,"POLYGON ((-70.5997803670024 -33.3951022668537,-70.5997902017489 -33.3951067455552,-70.5996363283114 -33.3953444886491,-70.599626493545 -33.3953400099361,-70.5997803670024 -33.3951022668537))"
151600011790001,305919,V1313210025,BICENTENARIO,AVENIDA,"POLYGON ((-70.5999356635014 -33.3952438080287,-70.600015236165 -33.3954102664935,-70.5997159005122 -33.3955109473176,-70.5996363283114 -33.3953444886491,-70.5999356635014 -33.3952438080287))"
151600011790001,305915,V1313210025,BICENTENARIO,AVENIDA,"POLYGON ((-70.5999356635014 -33.3952438080287,-70.600015236165 -33.3954102664935,-70.5997159005122 -33.3955109473176,-70.5996363283114 -33.3953444886491,-70.5999356635014 -33.3952438080287))"
151600011790001,309166,V1313210673,SIN NOMBRE,PASAJE,"POLYGON ((-70.5999356635014 -33.3952438080287,-70.600015236165 -33.3954102664935,-70.5997159005122 -33.3955109473176,-70.5996363283114 -33.3953444886491,-70.5999356635014 -33.3952438080287))"
151600011790317,307308,V1313210244,ESPOZ,CALLE,"POLYGON ((-70.6001921880734 -33.3965843363953,-70.6001921880762 -33.3965850828367,-70.5998696804957 -33.3965850832563,-70.5998696804957 -33.3965843368148,-70.6001921880734 -33.3965843363953))"
151600011790317,307307,V1313210244,ESPOZ,CALLE,"POLYGON ((-70.5991555296785 -33.3970297973835,-70.5991063557183 -33.397014868546,-70.5992161155658 -33.3967604968288,-70.5992652893977 -33.3967754256271,-70.5991555296785 -33.3970297973835))"
151600011790317,307307,V1313210244,ESPOZ,CALLE,"POLYGON ((-70.5989126387821 -33.3968520513397,-70.5986399494013 -33.3962160814334,-70.5989434243159 -33.396124527638,-70.5992161155658 -33.3967604968288,-70.5989126387821 -33.3968520513397))"
151600011790708,305919,V1313210025,BICENTENARIO,AVENIDA,"POLYGON ((-70.6004546999701 -33.3966102262203,-70.600450229641 -33.3966176906528,-70.6001620412783 -33.3964962566738,-70.6001665116267 -33.396488792251,-70.6004546999701 -33.3966102262203))"
151600011790708,307308,V1313210244,ESPOZ,CALLE,"POLYGON ((-70.6002721729922 -33.3967505150838,-70.5999807055641 -33.3968393419435,-70.5998705745654 -33.3965850832563,-70.6001620412783 -33.3964962566738,-70.6002721729922 -33.3967505150838))"
151600011790708,309166,V1313210673,SIN NOMBRE,PASAJE,"POLYGON ((-70.5994849157148 -33.3952972141512,-70.5995957800957 -33.3952598917374,-70.5997159005122 -33.3955109473176,-70.5996050358729 -33.3955482698452,-70.5994849157148 -33.3952972141512))"
151600011790708,305919,V1313210025,BICENTENARIO,AVENIDA,"POLYGON ((-70.6000132490978 -33.3954062054456,-70.6001795469552 -33.3957383749573,-70.5998821974711 -33.3958431172503,-70.5997159005122 -33.3955109473176,-70.6000132490978 -33.3954062054456))"
151600011790708,305915,V1313210025,BICENTENARIO,AVENIDA,"POLYGON ((-70.6000132490978 -33.3954062054456,-70.6001795469552 -33.3957383749573,-70.5998821974711 -33.3958431172503,-70.5997159005122 -33.3955109473176,-70.6000132490978 -33.3954062054456))"
151600011790708,305919,V1313210025,BICENTENARIO,AVENIDA,"POLYGON ((-70.6001836935703 -33.3957470767365,-70.6004385050384 -33.3963098959402,-70.6001370073275 -33.3964059371146,-70.5998821974711 -33.3958431172503,-70.6001836935703 -33.3957470767365))"
151600011790708,305915,V1313210025,BICENTENARIO,AVENIDA,"POLYGON ((-70.6001836935703 -33.3957470767365,-70.6004385050384 -33.3963098959402,-70.6001370073275 -33.3964059371146,-70.5998821974711 -33.3958431172503,-70.6001836935703 -33.3957470767365))"
151600011790708,305919,V1313210025,BICENTENARIO,AVENIDA,"POLYGON ((-70.6004460235091 -33.3963285140241,-70.6004755280693 -33.3964113690801,-70.6001665116267 -33.396488792251,-70.6001370073275 -33.3964059371146,-70.6004460235091 -33.3963285140241))"
151600011790708,305915,V1313210025,BICENTENARIO,AVENIDA,"POLYGON ((-70.6004460235091 -33.3963285140241,-70.6004755280693 -33.3964113690801,-70.6001665116267 -33.396488792251,-70.6001370073275 -33.3964059371146,-70.6004460235091 -33.3963285140241))"
151600040100006,306524,V1313210062,VITACURA,AVENIDA,"POLYGON ((-70.5990037713859 -33.4063615033619,-70.5990860257813 -33.4064301679249,-70.5988584876971 -33.4066219022582,-70.5987762332873 -33.4065532375464,-70.5990037713859 -33.4063615033619))"
151600040100006,306243,V1313210049,NUEVA COSTANERA,AVENIDA,"POLYGON ((-70.5990037713859 -33.4063615033619,-70.5990860257813 -33.4064301679249,-70.5988584876971 -33.4066219022582,-70.5987762332873 -33.4065532375464,-70.5990037713859 -33.4063615033619))"
151600040100006,305785,V1313210016,AVENIDA NUEVA COSTANERA,AVENIDA,"POLYGON ((-70.5990037713859 -33.4063615033619,-70.5990860257813 -33.4064301679249,-70.5988584876971 -33.4066219022582,-70.5987762332873 -33.4065532375464,-70.5990037713859 -33.4063615033619))"
151600040100006,306524,V1313210062,VITACURA,AVENIDA,"POLYGON ((-70.5991008918256 -33.4064434427692,-70.5991750996413 -33.4065143463463,-70.5989326954798 -33.4066928059797,-70.5988584876971 -33.4066219022582,-70.5991008918256 -33.4064434427692))"
151600040100006,306243,V1313210049,NUEVA COSTANERA,AVENIDA,"POLYGON ((-70.5991008918256 -33.4064434427692,-70.5991750996413 -33.4065143463463,-70.5989326954798 -33.4066928059797,-70.5988584876971 -33.4066219022582,-70.5991008918256 -33.4064434427692))"
151600040100007,307658,V1313210326,LAS CATALPAS,CALLE,"POLYGON ((-70.5981765272724 -33.4064994994886,-70.5981765272752 -33.4064987531322,-70.5984990716891 -33.4064987535517,-70.5984990716891 -33.406499499908,-70.5981765272724 -33.4064994994886))"
151600040100007,307658,V1313210326,LAS CATALPAS,CALLE,"POLYGON ((-70.598239711358 -33.4063379340138,-70.5983094489114 -33.4062588203479,-70.5985688091235 -33.4064196397451,-70.5984990716891 -33.4064987535517,-70.598239711358 -33.4063379340138))"
151600040100007,306576,V1313210062,VITACURA,AVENIDA,"POLYGON ((-70.5985688091438 -33.4061491198172,-70.5985697032107 -33.4061491198173,-70.5985697031932 -33.4064196397451,-70.5985688091235 -33.4064196397451,-70.5985688091438 -33.4061491198172))"
151600040100007,306524,V1313210062,VITACURA,AVENIDA,"POLYGON ((-70.5988219573023 -33.406251056703,-70.5989864662763 -33.4064242110203,-70.5987342120127 -33.4065927943979,-70.5985697031932 -33.4064196397451,-70.5988219573023 -33.406251056703))"
151600040100007,305785,V1313210016,AVENIDA NUEVA COSTANERA,AVENIDA,"POLYGON ((-70.5988219573023 -33.406251056703,-70.5989864662763 -33.4064242110203,-70.5987342120127 -33.4065927943979,-70.5985697031932 -33.4064196397451,-70.5988219573023 -33.406251056703))"
151600040100010,306516,V1313210062,VITACURA,AVENIDA,"POLYGON ((-70.5996468443176 -33.4070488160032,-70.5996468443204 -33.4070495623547,-70.599324297996 -33.4070495627742,-70.599324297996 -33.4070488164226,-70.5996468443176 -33.4070488160032))"
151600040100010,306328,V1313210053,PRESIDENTE KENNEDY,AVENIDA,"POLYGON ((-70.5992473215453 -33.4075739795263,-70.5988628721141 -33.4079852173513,-70.5986090422587 -33.4078183015144,-70.5989934922175 -33.407407064452,-70.5992473215453 -33.4075739795263))"
151600040100010,306328,V1313210053,PRESIDENTE KENNEDY,AVENIDA,"POLYGON ((-70.598504474221 -33.4080742109512,-70.5982058541561 -33.4079883810096,-70.5983104229884 -33.4077324717983,-70.5986090422587 -33.4078183015144,-70.598504474221 -33.4080742109512))"
151600040100010,306328,V1313210053,PRESIDENTE KENNEDY,AVENIDA,"POLYGON ((-70.5981527078133 -33.4079684473179,-70.5979050500281 -33.4078520170094,-70.5980627656893 -33.4076160417869,-70.5983104229884 -33.4077324717983,-70.5981527078133 -33.4079684473179))"
151600040100010,306328,V1313210053,PRESIDENTE KENNEDY,AVENIDA,"POLYGON ((-70.5977402170961 -33.407616041367,-70.5977402170989 -33.4076152950202,-70.5980627656893 -33.4076152954402,-70.5980627656893 -33.4076160417869,-70.5977402170961 -33.407616041367))"
151600040100010,306516,V1313210062,VITACURA,AVENIDA,"POLYGON ((-70.5993461210037 -33.4066692980749,-70.5995615918411 -33.4068655883584,-70.599324297996 -33.4070488164226,-70.5991088272051 -33.4068525257299,-70.5993461210037 -33.4066692980749))"
151600040100616,307658,V1313210326,LAS CATALPAS,CALLE,"POLYGON ((-70.5984819567662 -33.4067613772869,-70.5983174481011 -33.4065882222985,-70.5985697031932 -33.4064196397451,-70.5987342120127 -33.4065927943979,-70.5984819567662 -33.4067613772869))"
151600040100616,307658,V1313210326,LAS CATALPAS,CALLE,"POLYGON ((-70.5982471590795 -33.4064196393259,-70.5982471590823 -33.4064188929688,-70.5985697031932 -33.406418893388,-70.5985697031932 -33.4064196397451,-70.5982471590795 -33.4064196393259))"
151600040100616,307658,V1313210326,LAS CATALPAS,CALLE,"POLYGON ((-70.5983055833295 -33.4062636187094,-70.5983324054739 -33.4062315254069,-70.5985965252833 -33.4063868000306,-70.5985697031932 -33.406418893388,-70.5983055833295 -33.4062636187094))"
151600040100616,306267,V1313210049,NUEVA COSTANERA,AVENIDA,"POLYGON ((-70.5988308501081 -33.4062009050586,-70.5990034055704 -33.406353907845,-70.5987690807299 -33.4065398031399,-70.5985965252833 -33.4063868000306,-70.5988308501081 -33.4062009050586))"
151600040100616,306524,V1313210062,VITACURA,AVENIDA,"POLYGON ((-70.5988308501081 -33.4062009050586,-70.5990034055704 -33.406353907845,-70.5987690807299 -33.4065398031399,-70.5985965252833 -33.4063868000306,-70.5988308501081 -33.4062009050586))"
151600040100616,305785,V1313210016,AVENIDA NUEVA COSTANERA,AVENIDA,"POLYGON ((-70.5988308501081 -33.4062009050586,-70.5990034055704 -33.406353907845,-70.5987690807299 -33.4065398031399,-70.5985965252833 -33.4063868000306,-70.5988308501081 -33.4062009050586))"
151600040100616,306524,V1313210062,VITACURA,AVENIDA,"POLYGON ((-70.599063596652 -33.4064295038867,-70.5990707492443 -33.4064429382753,-70.5987762332873 -33.4065532375464,-70.5987690807299 -33.4065398031399,-70.599063596652 -33.4064295038867))"
151600040100616,306243,V1313210049,NUEVA COSTANERA,AVENIDA,"POLYGON ((-70.599063596652 -33.4064295038867,-70.5990707492443 -33.4064429382753,-70.5987762332873 -33.4065532375464,-70.5987690807299 -33.4065398031399,-70.599063596652 -33.4064295038867))"
151600040190001,306516,V1313210062,VITACURA,AVENIDA,"POLYGON ((-70.600288599808 -33.4078566890835,-70.6002358501634 -33.4079992410438,-70.5999277950244 -33.4079190580296,-70.599980545135 -33.407776506185,-70.600288599808 -33.4078566890835))"
151600040190001,306328,V1313210053,PRESIDENTE KENNEDY,AVENIDA,"POLYGON ((-70.6001420581119 -33.4081212673918,-70.6001170241525 -33.4081399260359,-70.5999027610736 -33.4079377166306,-70.5999277950244 -33.4079190580296,-70.6001420581119 -33.4081212673918))"
151600040190001,306328,V1313210053,PRESIDENTE KENNEDY,AVENIDA,"POLYGON ((-70.6000367986345 -33.4081837726175,-70.5999822602678 -33.4082046703077,-70.5998482228236 -33.4079586142591,-70.5999027610736 -33.4079377166306,-70.6000367986345 -33.4081837726175))"
151600040190001,306328,V1313210053,PRESIDENTE KENNEDY,AVENIDA,"POLYGON ((-70.5998482228994 -33.408229133993,-70.5998106718567 -33.4082291339964,-70.5998106718974 -33.4079586142591,-70.5998482228236 -33.4079586142591,-70.5998482228994 -33.408229133993))"
151600040190001,306328,V1313210053,PRESIDENTE KENNEDY,AVENIDA,"POLYGON ((-70.5997995766189 -33.4082289739013,-70.5994893334801 -33.4082200177767,-70.5995004297213 -33.4079496581332,-70.5998106718974 -33.4079586142591,-70.5997995766189 -33.4082289739013))"
151600040190001,306328,V1313210053,PRESIDENTE KENNEDY,AVENIDA,"POLYGON ((-70.5994765586082 -33.4082194360513,-70.5990688615773 -33.4081940603162,-70.5990927339511 -33.4079242824383,-70.5995004297213 -33.4079496581332,-70.5994765586082 -33.4082194360513))"
151600040190001,306328,V1313210053,PRESIDENTE KENNEDY,AVENIDA,"POLYGON ((-70.5990160524408 -33.408187046445,-70.5989615140335 -33.4081758512544,-70.5990381957011 -33.4079130872764,-70.5990927339511 -33.4079242824383,-70.5990160524408 -33.408187046445))"
151600040190001,306328,V1313210053,PRESIDENTE KENNEDY,AVENIDA,"POLYGON ((-70.5987732909231 -33.4077587506595,-70.5990397242389 -33.407437076271,-70.5993046284632 -33.4075914123415,-70.5990381957011 -33.4079130872764,-70.5987732909231 -33.4077587506595))"
151600040190001,306516,V1313210062,VITACURA,AVENIDA,"POLYGON ((-70.5998109863814 -33.4070922136401,-70.5999710248629 -33.4072332733062,-70.5997373581843 -33.407419752376,-70.5995773197131 -33.4072786924113,-70.5998109863814 -33.4070922136401))"
151600040190001,306535,V1313210062,VITACURA,AVENIDA,"POLYGON ((-70.5999877510996 -33.4072492259533,-70.6001987517192 -33.4074671589901,-70.5999483586268 -33.4076376858393,-70.5997373581843 -33.407419752376,-70.5999877510996 -33.4072492259533))"
151600040190001,306516,V1313210062,VITACURA,AVENIDA,"POLYGON ((-70.5999877510996 -33.4072492259533,-70.6001987517192 -33.4074671589901,-70.5999483586268 -33.4076376858393,-70.5997373581843 -33.407419752376,-70.5999877510996 -33.4072492259533))"
151600040190001,306516,V1313210062,VITACURA,AVENIDA,"POLYGON ((-70.6002649761881 -33.4075860481711,-70.6002971631742 -33.4077248684213,-70.599980545135 -33.407776506185,-70.5999483586268 -33.4076376858393,-70.6002649761881 -33.4075860481711))"
151600040190001,306537,V1313210062,VITACURA,AVENIDA,"POLYGON ((-70.6002649761881 -33.4075860481711,-70.6002971631742 -33.4077248684213,-70.599980545135 -33.407776506185,-70.5999483586268 -33.4076376858393,-70.6002649761881 -33.4075860481711))"
151600040190005,307897,V1313210354,LOS ABEDULES,CALLE,"POLYGON ((-70.5991694889974 -33.406509123985,-70.5993456207569 -33.4066688434016,-70.5991088272051 -33.4068525257299,-70.5989326954798 -33.4066928059797,-70.5991694889974 -33.406509123985))"
151600040190005,306524,V1313210062,VITACURA,AVENIDA,"POLYGON ((-70.5991694889974 -33.406509123985,-70.5993456207569 -33.4066688434016,-70.5991088272051 -33.4068525257299,-70.5989326954798 -33.4066928059797,-70.5991694889974 -33.406509123985))"
151600040190005,306243,V1313210049,NUEVA COSTANERA,AVENIDA,"POLYGON ((-70.5991694889974 -33.406509123985,-70.5993456207569 -33.4066688434016,-70.5991088272051 -33.4068525257299,-70.5989326954798 -33.4066928059797,-70.5991694889974 -33.406509123985))"
151600040190005,306516,V1313210062,VITACURA,AVENIDA,"POLYGON ((-70.5991694889974 -33.406509123985,-70.5993456207569 -33.4066688434016,-70.5991088272051 -33.4068525257299,-70.5989326954798 -33.4066928059797,-70.5991694889974 -33.406509123985))"
151600040190009,306328,V1313210053,PRESIDENTE KENNEDY,AVENIDA,"POLYGON ((-70.5993975987649 -33.4076610546273,-70.5990605350342 -33.408035721061,-70.5988030553774 -33.4078727846816,-70.5991401196437 -33.407498118924,-70.5993975987649 -33.4076610546273))"
151600040190009,306328,V1313210053,PRESIDENTE KENNEDY,AVENIDA,"POLYGON ((-70.5987006435567 -33.4081293067331,-70.5985066299178 -33.408074823423,-70.5986090422587 -33.4078183015144,-70.5988030553774 -33.4078727846816,-70.5987006435567 -33.4081293067331))"
151600040190009,306328,V1313210053,PRESIDENTE KENNEDY,AVENIDA,"POLYGON ((-70.5983552133663 -33.4076513851248,-70.5987396638527 -33.4072401488249,-70.5989934922175 -33.407407064452,-70.5986090422587 -33.4078183015144,-70.5983552133663 -33.4076513851248))"
151600040190016,307658,V1313210326,LAS CATALPAS,CALLE,"POLYGON ((-70.5980632769138 -33.4065365415344,-70.598239408933 -33.406338011335,-70.5984981776194 -33.406499499908,-70.5983220458941 -33.4066980304622,-70.5980632769138 -33.4065365415344))"
151600040190016,307658,V1313210326,LAS CATALPAS,CALLE,"POLYGON ((-70.5984981776362 -33.406228979977,-70.5984990717031 -33.406228979977,-70.5984990716891 -33.406499499908,-70.5984981776194 -33.406499499908,-70.5984981776362 -33.406228979977))"
151600040190016,306524,V1313210062,VITACURA,AVENIDA,"POLYGON ((-70.5987395223319 -33.4063191912806,-70.5989129719097 -33.4064818964715,-70.5986725212054 -33.4066622054333,-70.5984990716891 -33.406499499908,-70.5987395223319 -33.4063191912806))"
151600040190077,306328,V1313210053,PRESIDENTE KENNEDY,AVENIDA,"POLYGON ((-70.5995693330906 -33.4077467359832,-70.5993029008783 -33.4080676651173,-70.5990381957011 -33.4079130872764,-70.5993046284632 -33.4075921586884,-70.5995693330906 -33.4077467359832))"
151600040190077,306328,V1313210053,PRESIDENTE KENNEDY,AVENIDA,"POLYGON ((-70.5989736133772 -33.408178129093,-70.5987384723585 -33.4081378263978,-70.5988030553774 -33.4078727846816,-70.5990381957011 -33.4079130872764,-70.5989736133772 -33.408178129093))"
151600040190077,306328,V1313210053,PRESIDENTE KENNEDY,AVENIDA,"POLYGON ((-70.5985455766729 -33.4077098477348,-70.5988826414746 -33.4073351826534,-70.5991401196437 -33.407498118924,-70.5988030553774 -33.4078727846816,-70.5985455766729 -33.4077098477348))"
151600040190117,306516,V1313210062,VITACURA,AVENIDA,"POLYGON ((-70.5998379685288 -33.4074380428593,-70.5995661718349 -33.40775076334,-70.5993055225329 -33.4075914123414,-70.5995773197131 -33.4072786924113,-70.5998379685288 -33.4074380428593))"
151600040190117,306516,V1313210062,VITACURA,AVENIDA,"POLYGON ((-70.5993242980243 -33.4067790429424,-70.5993251920912 -33.4067790429425,-70.5993251920657 -33.4070495627742,-70.599324297996 -33.4070495627742,-70.5993242980243 -33.4067790429424))"
151600040190117,306516,V1313210062,VITACURA,AVENIDA,"POLYGON ((-70.5995622231739 -33.4068660956488,-70.5998143508728 -33.4070952248078,-70.5995773197131 -33.4072786924113,-70.5993251920657 -33.4070495627742,-70.5995622231739 -33.4068660956488))"
151600040190232,307658,V1313210326,LAS CATALPAS,CALLE,"POLYGON ((-70.5979613099996 -33.4066515281189,-70.5980632341125 -33.4065365897897,-70.5983220458941 -33.4066980304622,-70.5982201219516 -33.4068129689967,-70.5979613099996 -33.4066515281189))"
151600040190284,306328,V1313210053,PRESIDENTE KENNEDY,AVENIDA,"POLYGON ((-70.5985539578692 -33.4075247822762,-70.598317923818 -33.4077807800531,-70.5980627656893 -33.4076152954402,-70.5982988000826 -33.4073592981334,-70.5985539578692 -33.4075247822762))"
151600040190284,306328,V1313210053,PRESIDENTE KENNEDY,AVENIDA,"POLYGON ((-70.5980627657115 -33.4078858153532,-70.5980618716391 -33.4078858153533,-70.5980618716197 -33.4076152954402,-70.5980627656893 -33.4076152954402,-70.5980627657115 -33.4078858153532))"
151600040190284,306328,V1313210053,PRESIDENTE KENNEDY,AVENIDA,"POLYGON ((-70.5979066532714 -33.4078524325619,-70.5977332034073 -33.4077725732203,-70.5978884221034 -33.407535436303,-70.5980618716197 -33.4076152954402,-70.5979066532714 -33.4078524325619))"
151600040190284,306328,V1313210053,PRESIDENTE KENNEDY,AVENIDA,"POLYGON ((-70.597565873789 -33.4075354358835,-70.5975658737918 -33.4075346895361,-70.5978884221034 -33.4075346899556,-70.5978884221034 -33.407535436303,-70.597565873789 -33.4075354358835))"
151600040190284,307657,V1313210326,LAS CATALPAS,CALLE,"POLYGON ((-70.5976294525955 -33.4073734244494,-70.5978699577416 -33.4071017540463,-70.598128926845 -33.4072630190678,-70.5978884221034 -33.4075346899556,-70.5976294525955 -33.4073734244494))"
151600040190323,307658,V1313210326,LAS CATALPAS,CALLE,"POLYGON ((-70.5978318703284 -33.4067985979579,-70.597960616582 -33.4066523130301,-70.5982201219516 -33.4068129689967,-70.5980913759188 -33.4069592541844,-70.5978318703284 -33.4067985979579))"
151600040190380,306328,V1313210053,PRESIDENTE KENNEDY,AVENIDA,"POLYGON ((-70.5983878968958 -33.4074242835159,-70.5981473925585 -33.4076959548885,-70.5978884221034 -33.4075346899556,-70.598128926845 -33.4072630190678,-70.5983878968958 -33.4074242835159))"
151600040190380,306328,V1313210053,PRESIDENTE KENNEDY,AVENIDA,"POLYGON ((-70.5978884221205 -33.4078052098881,-70.5978875280481 -33.4078052098881,-70.5978875280337 -33.4075346899556,-70.5978884221034 -33.4075346899556,-70.5978884221205 -33.4078052098881))"
151600040190380,306328,V1313210053,PRESIDENTE KENNEDY,AVENIDA,"POLYGON ((-70.5977617942721 -33.407783810132,-70.5975284415208 -33.4077009653111,-70.5976541758494 -33.4074518453518,-70.5978875280337 -33.4075346899556,-70.5977617942721 -33.407783810132))"
151600040190380,307657,V1313210326,LAS CATALPAS,CALLE,"POLYGON ((-70.5973955997749 -33.4072901366172,-70.59767097369 -33.4069804021422,-70.5979295493083 -33.4071421103225,-70.5976541758494 -33.4074518453518,-70.5973955997749 -33.4072901366172))"
151600040190482,307657,V1313210326,LAS CATALPAS,CALLE,"POLYGON ((-70.5976705515789 -33.4069808780133,-70.5978323784618 -33.4067980222013,-70.5980913759188 -33.4069592541844,-70.5979295493083 -33.4071421103225,-70.5976705515789 -33.4069808780133))"
151600040390015,306323,V1313210053,PRESIDENTE KENNEDY,AVENIDA,"POLYGON ((-70.596239974294 -33.4072285484664,-70.5958412182308 -33.4070927119014,-70.5959625960307 -33.4068420767833,-70.5963613511042 -33.4069779129916,-70.596239974294 -33.4072285484664))"
151600040390015,306323,V1313210053,PRESIDENTE KENNEDY,AVENIDA,"POLYGON ((-70.5957021647908 -33.4070016763876,-70.5956950122436 -33.4069934664849,-70.5959554434733 -33.4068338668957,-70.5959625960307 -33.4068420767833,-70.5957021647908 -33.4070016763876))"
151600040390015,308207,V1313210444,PAUL CLAUDEL,CALLE,"POLYGON ((-70.5956366830482 -33.4067925432557,-70.5956402593968 -33.406773138071,-70.595959019752 -33.4068144617039,-70.5959554434733 -33.4068338668957,-70.5956366830482 -33.4067925432557))"
151600040390015,308207,V1313210444,PAUL CLAUDEL,CALLE,"POLYGON ((-70.5957006674194 -33.4066525034561,-70.5960305796701 -33.4062823119386,-70.5962889314608 -33.4064442695227,-70.595959019752 -33.4068144617039,-70.5957006674194 -33.4066525034561))"
151600040390020,306323,V1313210053,PRESIDENTE KENNEDY,AVENIDA,"POLYGON ((-70.5970704204958 -33.4075171566553,-70.5964839093552 -33.4073119097011,-70.5966081143336 -33.4070622507503,-70.5971946240382 -33.4072674971662,-70.5970704204958 -33.4075171566553))"
151600040390191,308207,V1313210444,PAUL CLAUDEL,CALLE,"POLYGON ((-70.5960817224888 -33.4063136565662,-70.5960817224915 -33.4063129102082,-70.5964042664485 -33.4063129106276,-70.5964042664485 -33.4063136569856,-70.5960817224888 -33.4063136565662))"
151600040390191,308207,V1313210444,PAUL CLAUDEL,CALLE,"POLYGON ((-70.5961434471686 -33.4061537598075,-70.5963124266407 -33.4059589605137,-70.5965732456164 -33.4061181109914,-70.5964042664485 -33.4063129106276,-70.5961434471686 -33.4061537598075))"
151600040390191,308207,V1313210444,PAUL CLAUDEL,CALLE,"POLYGON ((-70.5963508430515 -33.4059221845335,-70.5963714066528 -33.4059057646573,-70.5965938092189 -33.4061016910787,-70.5965732456164 -33.4061181109914,-70.5963508430515 -33.4059221845335))"
151600040390305,306323,V1313210053,PRESIDENTE KENNEDY,AVENIDA,"POLYGON ((-70.5964863931238 -33.4073127687243,-70.596239629283 -33.4072284307442,-70.5963613511042 -33.4069779129916,-70.5966081143336 -33.4070622507503,-70.5964863931238 -33.4073127687243))"
151600040390389,308207,V1313210444,PAUL CLAUDEL,CALLE,"POLYGON ((-70.596029020406 -33.406284076476,-70.5961434615233 -33.4061534641702,-70.5964033723788 -33.4063136569856,-70.5962889314608 -33.4064442695227,-70.596029020406 -33.406284076476))"
151600040390389,308207,V1313210444,PAUL CLAUDEL,CALLE,"POLYGON ((-70.5964033723918 -33.4060431368537,-70.5964042664587 -33.4060431368538,-70.5964042664485 -33.4063136569856,-70.5964033723788 -33.4063136569856,-70.5964033723918 -33.4060431368537))"
151600040390427,307657,V1313210326,LAS CATALPAS,CALLE,"POLYGON ((-70.5982003293806 -33.4070867200923,-70.5980420793167 -33.4072658448647,-70.5977829218821 -33.4071047927746,-70.597941172214 -33.4069256683212,-70.5982003293806 -33.4070867200923))"
151600040390427,307657,V1313210326,LAS CATALPAS,CALLE,"POLYGON ((-70.59825465671 -33.4068505262961,-70.5982609153387 -33.4068900829759,-70.597941172214 -33.4069256683212,-70.5979349137263 -33.4068861116213,-70.59825465671 -33.4068505262961))"
151600040390637,307657,V1313210326,LAS CATALPAS,CALLE,"POLYGON ((-70.5980441366109 -33.4072634897365,-70.5978107848527 -33.407533668895,-70.5975495696978 -33.4073749714596,-70.5977829218821 -33.4071047927746,-70.5980441366109 -33.4072634897365))"
151600040390637,306328,V1313210053,PRESIDENTE KENNEDY,AVENIDA,"POLYGON ((-70.5976153521144 -33.4076398056768,-70.5975769070086 -33.4076465228392,-70.597511124702 -33.4073816885985,-70.5975495696978 -33.4073749714596,-70.5976153521144 -33.4076398056768))"
151600040390637,307657,V1313210326,LAS CATALPAS,CALLE,"POLYGON ((-70.5976153521144 -33.4076398056768,-70.5975769070086 -33.4076465228392,-70.597511124702 -33.4073816885985,-70.5975495696978 -33.4073749714596,-70.5976153521144 -33.4076398056768))"
151600040390637,306323,V1313210053,PRESIDENTE KENNEDY,AVENIDA,"POLYGON ((-70.5973836637145 -33.4076301905622,-70.5970671622885 -33.4075159988308,-70.5971946240382 -33.4072674971662,-70.597511124702 -33.4073816885985,-70.5973836637145 -33.4076301905622))"
151600040390637,307657,V1313210326,LAS CATALPAS,CALLE,"POLYGON ((-70.597779806468 -33.4066929517162,-70.5980247816607 -33.406925813102,-70.5977829218821 -33.4071047927746,-70.5975379467921 -33.4068719309132,-70.597779806468 -33.4066929517162))"
151600040500003,307658,V1313210326,LAS CATALPAS,CALLE,"POLYGON ((-70.5987501200472 -33.4064434048208,-70.5985131918058 -33.4066770151146,-70.5982675076442 -33.4065017389769,-70.5985044361071 -33.4062681291407,-70.5987501200472 -33.4064434048208))"
151600040500003,306576,V1313210062,VITACURA,AVENIDA,"POLYGON ((-70.5984887807752 -33.4058464638783,-70.5987453788677 -33.4060882838106,-70.5985044361071 -33.4062681291407,-70.5982478381114 -33.4060263087125,-70.5984887807752 -33.4058464638783))"
151600040500003,306586,V1313210062,VITACURA,AVENIDA,"POLYGON ((-70.5984887807752 -33.4058464638783,-70.5987453788677 -33.4060882838106,-70.5985044361071 -33.4062681291407,-70.5982478381114 -33.4060263087125,-70.5984887807752 -33.4058464638783))"
151600040500004,306576,V1313210062,VITACURA,AVENIDA,"POLYGON ((-70.5983681961936 -33.4057317335474,-70.5984897897204 -33.4058474192479,-70.5982478381114 -33.4060263087125,-70.598126244636 -33.4059106227758,-70.5983681961936 -33.4057317335474))"
151600040500004,306586,V1313210062,VITACURA,AVENIDA,"POLYGON ((-70.5983681961936 -33.4057317335474,-70.5984897897204 -33.4058474192479,-70.5982478381114 -33.4060263087125,-70.598126244636 -33.4059106227758,-70.5983681961936 -33.4057317335474))"
151600040500005,306576,V1313210062,VITACURA,AVENIDA,"POLYGON ((-70.598211495251 -33.4055829809762,-70.598367957508 -33.4057315067141,-70.598126244636 -33.4059106227758,-70.5979697824435 -33.4057620967344,-70.598211495251 -33.4055829809762))"
151600040500005,306586,V1313210062,VITACURA,AVENIDA,"POLYGON ((-70.598211495251 -33.4055829809762,-70.598367957508 -33.4057315067141,-70.598126244636 -33.4059106227758,-70.5979697824435 -33.4057620967344,-70.598211495251 -33.4055829809762))"
151600040500008,306576,V1313210062,VITACURA,AVENIDA,"POLYGON ((-70.5979488171024 -33.4056542226763,-70.5977646390797 -33.4058661904368,-70.5975039721446 -33.4057068658804,-70.5976881504969 -33.405494898493,-70.5979488171024 -33.4056542226763))"
151600040500008,308206,V1313210444,PAUL CLAUDEL,CALLE,"POLYGON ((-70.5970591724455 -33.405446727243,-70.597263914855 -33.4051937098807,-70.5975307942347 -33.4053456253746,-70.5973260522799 -33.4055986431592,-70.5970591724455 -33.405446727243))"
151600040500008,305907,V1313210024,AVENIDA VITACURA,AVENIDA,"POLYGON ((-70.597772433266 -33.4051664406284,-70.5979297895926 -33.4053157134416,-70.5976881504969 -33.405494898493,-70.5975307942347 -33.4053456253746,-70.597772433266 -33.4051664406284))"
151600040500008,306586,V1313210062,VITACURA,AVENIDA,"POLYGON ((-70.597772433266 -33.4051664406284,-70.5979297895926 -33.4053157134416,-70.5976881504969 -33.405494898493,-70.5975307942347 -33.4053456253746,-70.597772433266 -33.4051664406284))"
151600040500009,308206,V1313210444,PAUL CLAUDEL,CALLE,"POLYGON ((-70.5968786431605 -33.4053281791872,-70.5971263008727 -33.4050490387292,-70.5973850608783 -33.4052105329814,-70.5971374035792 -33.4054896739382,-70.5968786431605 -33.4053281791872))"
151600040500009,308371,V1313210491,SANCHO DE LA HOZ,CALLE,"POLYGON ((-70.5975354210108 -33.4049712060522,-70.5975506201635 -33.4049779233412,-70.5974002600627 -33.4052172502877,-70.5973850608783 -33.4052105329814,-70.5975354210108 -33.4049712060522))"
151600040500009,308371,V1313210491,SANCHO DE LA HOZ,CALLE,"POLYGON ((-70.5976456731259 -33.4050417110762,-70.5977762073746 -33.4051700859054,-70.5975307942347 -33.4053456253746,-70.5974002600627 -33.4052172502877,-70.5976456731259 -33.4050417110762))"
151600040500009,309111,V1313210654,PASAJE VITACURA,PASAJE,"POLYGON ((-70.5976456731259 -33.4050417110762,-70.5977762073746 -33.4051700859054,-70.5975307942347 -33.4053456253746,-70.5974002600627 -33.4052172502877,-70.5976456731259 -33.4050417110762))"
151600040500009,306586,V1313210062,VITACURA,AVENIDA,"POLYGON ((-70.5976456731259 -33.4050417110762,-70.5977762073746 -33.4051700859054,-70.5975307942347 -33.4053456253746,-70.5974002600627 -33.4052172502877,-70.5976456731259 -33.4050417110762))"
151600040590019,308206,V1313210444,PAUL CLAUDEL,CALLE,"POLYGON ((-70.59644188987 -33.4058147984597,-70.5966770305664 -33.405553572258,-70.5969344497638 -33.4057165686005,-70.5966993094401 -33.405977795274,-70.59644188987 -33.4058147984597))"
151600040590445,307658,V1313210326,LAS CATALPAS,CALLE,"POLYGON ((-70.5985161341432 -33.406674071909,-70.5983337441283 -33.4068591684301,-70.5980851174311 -33.4066868351423,-70.5982675076442 -33.4065017389769,-70.5985161341432 -33.406674071909))"
151600040590445,307658,V1313210326,LAS CATALPAS,CALLE,"POLYGON ((-70.5982597624169 -33.4069142687147,-70.5982445632111 -33.4069224786379,-70.5980699182467 -33.4066950450437,-70.5980851174311 -33.4066868351423,-70.5982597624169 -33.4069142687147))"
151600040590701,308206,V1313210444,PAUL CLAUDEL,CALLE,"POLYGON ((-70.5966764440223 -33.4055542259263,-70.5968793981668 -33.4053273316717,-70.5971374035792 -33.4054896739382,-70.5969344497638 -33.4057165686005,-70.5966764440223 -33.4055542259263))"
151600040790019,307775,V1313210335,LAS NIEVES,CALLE,"POLYGON ((-70.5955968177809 -33.4051614263961,-70.5959463985473 -33.4053711544589,-70.5957587481456 -33.4055911795183,-70.5954091669039 -33.4053814509464,-70.5955968177809 -33.4051614263961))"
151600040790248,308095,V1313210417,NAVIDAD,CALLE,"POLYGON ((-70.5945716422241 -33.4053463713216,-70.5945716422268 -33.4053456249553,-70.5948941827731 -33.4053456253746,-70.5948941827731 -33.4053463717409,-70.5945716422241 -33.4053463713216))"
151600040790248,308095,V1313210417,NAVIDAD,CALLE,"POLYGON ((-70.5946327826403 -33.4051871494244,-70.5947749399794 -33.4050222026189,-70.5950363398509 -33.4051806782805,-70.5948941827731 -33.4053456253746,-70.5946327826403 -33.4051871494244))"
151600040790248,308095,V1313210417,NAVIDAD,CALLE,"POLYGON ((-70.5948832760963 -33.4049425597769,-70.5949047337291 -33.4049328570242,-70.595057797523 -33.4051709755005,-70.5950363398509 -33.4051806782805,-70.5948832760963 -33.4049425597769))"
151600040790248,308094,V1313210417,NAVIDAD,CALLE,"POLYGON ((-70.5952452556022 -33.404950835596,-70.5955966245039 -33.4051613105309,-70.5954091669039 -33.4053814509464,-70.595057797523 -33.4051709755005,-70.5952452556022 -33.404950835596))"
151600040790248,307775,V1313210335,LAS NIEVES,CALLE,"POLYGON ((-70.5952452556022 -33.404950835596,-70.5955966245039 -33.4051613105309,-70.5954091669039 -33.4053814509464,-70.595057797523 -33.4051709755005,-70.5952452556022 -33.404950835596))"
151600040790316,308207,V1313210444,PAUL CLAUDEL,CALLE,"POLYGON ((-70.5967703429 -33.406069851583,-70.5967658726117 -33.4060870178825,-70.5964507580714 -33.406029294154,-70.5964552284198 -33.4060121278641,-70.5967703429 -33.406069851583))"
151600040790316,308207,V1313210444,PAUL CLAUDEL,CALLE,"POLYGON ((-70.5967087505592 -33.4061916532374,-70.5964977504586 -33.4064275032148,-70.5962397576289 -33.4062651437075,-70.5964507580714 -33.406029294154,-70.5967087505592 -33.4061916532374))"
151600040790316,307775,V1313210335,LAS NIEVES,CALLE,"POLYGON ((-70.5962859466166 -33.4055752218176,-70.5966310570247 -33.4057789780064,-70.5964453936534 -33.4060001860951,-70.5961002827601 -33.4057964294098,-70.5962859466166 -33.4055752218176))"
151600040790316,307775,V1313210335,LAS NIEVES,CALLE,"POLYGON ((-70.5967107812796 -33.405846440717,-70.5967206160632 -33.4058583824647,-70.5964552284198 -33.4060121278641,-70.5964453936534 -33.4060001860951,-70.5967107812796 -33.405846440717))"
151600040790316,308206,V1313210444,PAUL CLAUDEL,CALLE,"POLYGON ((-70.5967107812796 -33.405846440717,-70.5967206160632 -33.4058583824647,-70.5964552284198 -33.4060121278641,-70.5964453936534 -33.4060001860951,-70.5967107812796 -33.405846440717))"
151600040790415,307775,V1313210335,LAS NIEVES,CALLE,"POLYGON ((-70.5959466108896 -33.4053712819603,-70.5962881450416 -33.4055765313539,-70.5961002827601 -33.4057964294098,-70.5957587481456 -33.4055911795183,-70.5959466108896 -33.4053712819603))"
151600040790748,308207,V1313210444,PAUL CLAUDEL,CALLE,"POLYGON ((-70.5964990218963 -33.4064260722343,-70.5963389836972 -33.4066074374427,-70.5960797191577 -33.4064465085931,-70.5962397576289 -33.4062651437075,-70.5964990218963 -33.4064260722343))"
151600040790810,308207,V1313210444,PAUL CLAUDEL,CALLE,"POLYGON ((-70.5963402563377 -33.4066059851183,-70.5960648833694 -33.4069224403721,-70.5958043456988 -33.4067629632893,-70.5960797191577 -33.4064465085931,-70.5963402563377 -33.4066059851183))"
151600040790810,306323,V1313210053,PRESIDENTE KENNEDY,AVENIDA,"POLYGON ((-70.5958587342495 -33.4070296097843,-70.5958015136228 -33.4070378197083,-70.5957471252398 -33.4067711731836,-70.5958043456988 -33.4067629632893,-70.5958587342495 -33.4070296097843))"
151600040790810,308207,V1313210444,PAUL CLAUDEL,CALLE,"POLYGON ((-70.5958587342495 -33.4070296097843,-70.5958015136228 -33.4070378197083,-70.5957471252398 -33.4067711731836,-70.5958043456988 -33.4067629632893,-70.5958587342495 -33.4070296097843))"
151600040790810,306352,V1313210053,PRESIDENTE KENNEDY,AVENIDA,"POLYGON ((-70.5956211566157 -33.407020209739,-70.5952393879394 -33.4068843728514,-70.59536535749 -33.406635336652,-70.5957471252398 -33.4067711731836,-70.5956211566157 -33.407020209739))"
151600040900006,308206,V1313210444,PAUL CLAUDEL,CALLE,"POLYGON ((-70.5975151704489 -33.4052765862784,-70.5971772127175 -33.4056654439224,-70.5969165683703 -33.4055060939666,-70.5972545267062 -33.4051172370071,-70.5975151704489 -33.4052765862784))"
151600040900006,308206,V1313210444,PAUL CLAUDEL,CALLE,"POLYGON ((-70.5969165683861 -33.4057766140737,-70.5969156743137 -33.4057766140738,-70.5969156743006 -33.4055060939665,-70.5969165683703 -33.4055060939666,-70.5969165683861 -33.4057766140737))"
151600040900006,306585,V1313210062,VITACURA,AVENIDA,"POLYGON ((-70.5971757461709 -33.4046375929969,-70.5974949291563 -33.4049368865435,-70.5972545267062 -33.4051172370071,-70.5969353438334 -33.4048179428453,-70.5971757461709 -33.4046375929969))"
151600040900006,306627,V1313210062,VITACURA,AVENIDA,"POLYGON ((-70.5971757461709 -33.4046375929969,-70.5974949291563 -33.4049368865435,-70.5972545267062 -33.4051172370071,-70.5969353438334 -33.4048179428453,-70.5971757461709 -33.4046375929969))"
151600040990008,306627,V1313210062,VITACURA,AVENIDA,"POLYGON ((-70.5964911378604 -33.4039985488532,-70.5967361129918 -33.4042194754717,-70.5964999319033 -33.4044037060824,-70.5962549568133 -33.4041827790013,-70.5964911378604 -33.4039985488532))"
151600040990008,308332,V1313210477,RODRIGO DE QUIROGA,CALLE,"POLYGON ((-70.5964911378604 -33.4039985488532,-70.5967361129918 -33.4042194754717,-70.5964999319033 -33.4044037060824,-70.5962549568133 -33.4041827790013,-70.5964911378604 -33.4039985488532))"
151600040990008,306539,V1313210062,VITACURA,AVENIDA,"POLYGON ((-70.5964911378604 -33.4039985488532,-70.5967361129918 -33.4042194754717,-70.5964999319033 -33.4044037060824,-70.5962549568133 -33.4041827790013,-70.5964911378604 -33.4039985488532))"
151600040990008,306627,V1313210062,VITACURA,AVENIDA,"POLYGON ((-70.5967445185369 -33.4042273594221,-70.5968875697627 -33.4043669310275,-70.5966429830508 -33.4045432779691,-70.5964999319033 -33.4044037060824,-70.5967445185369 -33.4042273594221))"
151600040990008,308332,V1313210477,RODRIGO DE QUIROGA,CALLE,"POLYGON ((-70.5967445185369 -33.4042273594221,-70.5968875697627 -33.4043669310275,-70.5966429830508 -33.4045432779691,-70.5964999319033 -33.4044037060824,-70.5967445185369 -33.4042273594221))"
151600040990028,306627,V1313210062,VITACURA,AVENIDA,"POLYGON ((-70.596225837446 -33.4042166111191,-70.5966773420312 -33.4044905293005,-70.5964883089976 -33.4047097190168,-70.5960368038134 -33.4044358001725,-70.596225837446 -33.4042166111191))"
151600040990055,308206,V1313210444,PAUL CLAUDEL,CALLE,"POLYGON ((-70.5972382151829 -33.4055060935469,-70.5972382151856 -33.4055068399117,-70.5969156743006 -33.4055068403314,-70.5969156743006 -33.4055060939665,-70.5972382151829 -33.4055060935469))"
151600040990055,308206,V1313210444,PAUL CLAUDEL,CALLE,"POLYGON ((-70.5971768260369 -33.4056656048424,-70.5970355632861 -33.4058290588769,-70.5967744112925 -33.4056702940793,-70.5969156743006 -33.4055068403314,-70.5971768260369 -33.4056656048424))"
151600040990055,308206,V1313210444,PAUL CLAUDEL,CALLE,"POLYGON ((-70.5967744113129 -33.4059408141927,-70.5967735172405 -33.4059408141928,-70.5967735172229 -33.4056702940793,-70.5967744112925 -33.4056702940793,-70.5967744113129 -33.4059408141927))"
151600040990107,307775,V1313210335,LAS NIEVES,CALLE,"POLYGON ((-70.5960359097676 -33.4058512506051,-70.5960350156951 -33.4058512506051,-70.5960350156741 -33.4055807304199,-70.5960359097438 -33.4055807304199,-70.5960359097676 -33.4058512506051))"
151600040990107,307775,V1313210335,LAS NIEVES,CALLE,"POLYGON ((-70.5958488562823 -33.4058016448923,-70.5956360674037 -33.4056755089416,-70.5958222270922 -33.4054545947763,-70.5960350156741 -33.4055807304199,-70.5958488562823 -33.4058016448923))"
151600040990107,307775,V1313210335,LAS NIEVES,CALLE,"POLYGON ((-70.5954996862449 -33.4054545943571,-70.5954996862477 -33.4054538479917,-70.5958222270922 -33.405453848411,-70.5958222270922 -33.4054545947763,-70.5954996862449 -33.4054545943571))"
151600040990168,307775,V1313210335,LAS NIEVES,CALLE,"POLYGON ((-70.5958222271082 -33.4057243686212,-70.5958213330358 -33.4057243686212,-70.5958213330226 -33.405453848411,-70.5958222270922 -33.405453848411,-70.5958222271082 -33.4057243686212))"
151600040990168,307775,V1313210335,LAS NIEVES,CALLE,"POLYGON ((-70.5956359106973 -33.4056751983719,-70.5953927234035 -33.4055318957661,-70.5955781460719 -33.4053105461546,-70.5958213330226 -33.405453848411,-70.5956359106973 -33.4056751983719))"
151600040990168,307775,V1313210335,LAS NIEVES,CALLE,"POLYGON ((-70.5952556057304 -33.405310545735,-70.5952556057332 -33.4053097993684,-70.5955781460719 -33.4053097997881,-70.5955781460719 -33.4053105461546,-70.5952556057304 -33.405310545735))"
151600040990168,308094,V1313210417,NAVIDAD,CALLE,"POLYGON ((-70.5953203550797 -33.4051472184335,-70.5955331440037 -33.4049098739766,-70.5957909346537 -33.4050724549039,-70.5955781460719 -33.4053097997881,-70.5953203550797 -33.4051472184335))"
151600040990208,308206,V1313210444,PAUL CLAUDEL,CALLE,"POLYGON ((-70.5970960587278 -33.4056702936601,-70.5970960587306 -33.4056710400235,-70.5967735172229 -33.4056710404428,-70.5967735172229 -33.4056702940793,-70.5970960587278 -33.4056702936601))"
151600040990208,308206,V1313210444,PAUL CLAUDEL,CALLE,"POLYGON ((-70.5970379594184 -33.4058259268301,-70.5968484170357 -33.4060535677684,-70.5965839744525 -33.4058986809929,-70.5967735172229 -33.4056710404428,-70.5970379594184 -33.4058259268301))"
151600040990208,307775,V1313210335,LAS NIEVES,CALLE,"POLYGON ((-70.5964030520263 -33.4061226355232,-70.5960641991084 -33.4059300735738,-70.5962451220469 -33.4057061195172,-70.5965839744525 -33.4058986809929,-70.5964030520263 -33.4061226355232))"
151600040990208,307775,V1313210335,LAS NIEVES,CALLE,"POLYGON ((-70.5959225803161 -33.405706119098,-70.5959225803188 -33.4057053727348,-70.5962451220469 -33.4057053731541,-70.5962451220469 -33.4057061195172,-70.5959225803161 -33.405706119098))"
151600040990379,307775,V1313210335,LAS NIEVES,CALLE,"POLYGON ((-70.5962451220751 -33.4059758933147,-70.5962442280026 -33.4059758933149,-70.5962442279773 -33.4057053731541,-70.5962451220469 -33.4057053731541,-70.5962451220751 -33.4059758933147))"
151600040990379,307775,V1313210335,LAS NIEVES,CALLE,"POLYGON ((-70.5960576559985 -33.4059260427798,-70.5958493374765 -33.4058021461084,-70.5960359097438 -33.4055814767841,-70.5962442279773 -33.4057053731541,-70.5960576559985 -33.4059260427798))"
151600040990379,307775,V1313210335,LAS NIEVES,CALLE,"POLYGON ((-70.5957133684508 -33.4055814763648,-70.5957133684536 -33.4055807300005,-70.5960359097438 -33.4055807304199,-70.5960359097438 -33.4055814767841,-70.5957133684508 -33.4055814763648))"
151600040990482,307775,V1313210335,LAS NIEVES,CALLE,"POLYGON ((-70.595578146093 -33.4055803200267,-70.5955772520206 -33.4055803200268,-70.5955772520022 -33.4053097997881,-70.5955781460719 -33.4053097997881,-70.595578146093 -33.4055803200267))"
151600040990482,307775,V1313210335,LAS NIEVES,CALLE,"POLYGON ((-70.5953898052807 -33.4055299469079,-70.5951904274719 -33.4054105278893,-70.5953778744654 -33.4051903810595,-70.5955772520022 -33.4053097997881,-70.5953898052807 -33.4055299469079))"
151600040990482,308094,V1313210417,NAVIDAD,CALLE,"POLYGON ((-70.5951181790135 -33.4050299463127,-70.5953318620341 -33.4047866305768,-70.595591557117 -33.404947064892,-70.5953778744654 -33.4051903810595,-70.5951181790135 -33.4050299463127))"
151600040990565,306585,V1313210062,VITACURA,AVENIDA,"POLYGON ((-70.5968835872002 -33.4043631182004,-70.5971759480887 -33.4046377825125,-70.5969353438334 -33.4048179428453,-70.5966429830508 -33.4045432779691,-70.5968835872002 -33.4043631182004))"
151600040990565,306627,V1313210062,VITACURA,AVENIDA,"POLYGON ((-70.5968835872002 -33.4043631182004,-70.5971759480887 -33.4046377825125,-70.5969353438334 -33.4048179428453,-70.5966429830508 -33.4045432779691,-70.5968835872002 -33.4043631182004))"
151600041190001,308095,V1313210417,NAVIDAD,CALLE,"POLYGON ((-70.5945408086898 -33.4058874851505,-70.5945408086926 -33.405888231512,-70.5942182661013 -33.4058882319315,-70.5942182661013 -33.40588748557,-70.5945408086898 -33.4058874851505))"
151600041190001,308095,V1313210417,NAVIDAD,CALLE,"POLYGON ((-70.5944792662144 -33.4060471734686,-70.594248596657 -33.4063136246087,-70.5939875961261 -33.4061546826039,-70.5942182661013 -33.4058882319315,-70.5944792662144 -33.4060471734686))"
151600041190004,308095,V1313210417,NAVIDAD,CALLE,"POLYGON ((-70.5949726424615 -33.4053918996493,-70.5949726424642 -33.4053926460151,-70.5946501017527 -33.4053926464346,-70.5946501017527 -33.4053919000688,-70.5949726424615 -33.4053918996493))"
151600041190004,308095,V1313210417,NAVIDAD,CALLE,"POLYGON ((-70.5949105633217 -33.4055522064512,-70.5944796225056 -33.406047046459,-70.594219160171 -33.40588748557,-70.5946501017527 -33.4053926464346,-70.5949105633217 -33.4055522064512))"
151600041190004,308095,V1313210417,NAVIDAD,CALLE,"POLYGON ((-70.5942191601911 -33.4061580059094,-70.5942182661186 -33.4061580059095,-70.5942182661013 -33.40588748557,-70.594219160171 -33.40588748557,-70.5942191601911 -33.4061580059094))"
151600041190013,306353,V1313210053,PRESIDENTE KENNEDY,AVENIDA,"POLYGON ((-70.5929161902424 -33.4059572302061,-70.5929063555872 -33.4059236439028,-70.5932195902781 -33.4058591238254,-70.5932294250445 -33.4058927101009,-70.5929161902424 -33.4059572302061))"
151600041190434,307773,V1313210335,LAS NIEVES,CALLE,"POLYGON ((-70.5942120467517 -33.4044484981139,-70.5942576441676 -33.4044440199017,-70.5942951560931 -33.4047127045035,-70.5942495585398 -33.4047171827334,-70.5942120467517 -33.4044484981139))"
151600041190530,308095,V1313210417,NAVIDAD,CALLE,"POLYGON ((-70.5951658999837 -33.4052633070313,-70.5949101964912 -33.4055528979738,-70.5946509958224 -33.4053919000688,-70.5949066997485 -33.4051023096419,-70.5951658999837 -33.4052633070313))"
151600041190530,308095,V1313210417,NAVIDAD,CALLE,"POLYGON ((-70.5946509958449 -33.4056624203893,-70.5946501017725 -33.4056624203894,-70.5946501017527 -33.4053919000688,-70.5946509958224 -33.4053919000688,-70.5946509958449 -33.4056624203893))"
151600041190530,308095,V1313210417,NAVIDAD,CALLE,"POLYGON ((-70.5952162393691 -33.4050170179075,-70.5952242861286 -33.405055082676,-70.5949066997485 -33.4051023096419,-70.5948986531214 -33.4050642448491,-70.5952162393691 -33.4050170179075))"
151600041300016,306515,V1313210062,VITACURA,AVENIDA,"POLYGON ((-70.5957641728043 -33.4033487568549,-70.5958786137635 -33.4034562355526,-70.5956380487399 -33.4036364298881,-70.5955236078219 -33.4035289509696,-70.5957641728043 -33.4033487568549))"
151600041300016,306614,V1313210062,VITACURA,AVENIDA,"POLYGON ((-70.5957641728043 -33.4033487568549,-70.5958786137635 -33.4034562355526,-70.5956380487399 -33.4036364298881,-70.5955236078219 -33.4035289509696,-70.5957641728043 -33.4033487568549))"
151600041300017,306614,V1313210062,VITACURA,AVENIDA,"POLYGON ((-70.5956276466501 -33.4032212844941,-70.5957635452854 -33.4033481692382,-70.5955236078219 -33.4035289509696,-70.5953877092318 -33.4034020659642,-70.5956276466501 -33.4032212844941))"
151600041300031,306614,V1313210062,VITACURA,AVENIDA,"POLYGON ((-70.5954346896039 -33.4033530800787,-70.5955983041514 -33.4034553340369,-70.5954055906253 -33.4036722561647,-70.5952419758754 -33.4035700019611,-70.5954346896039 -33.4033530800787))"
151600041300031,306614,V1313210062,VITACURA,AVENIDA,"POLYGON ((-70.5956087524623 -33.4034621479193,-70.5957294517518 -33.4035442495554,-70.5955262900309 -33.4037543579929,-70.5954055906253 -33.4036722561647,-70.5956087524623 -33.4034621479193))"
